1616.6,-28.1,6262.6,1646.5,-49.6,6184.0,1587.9,-46.3,6339.1,1600.1,-291.9,6252.0,1729.2,410.0,6216.7,1495.5,370.0,6327.4,1591.0,-547.2,6246.5,1860.4,771.8,6257.7,1424.7,759.0,6318.2,1697.1,847.6,6243.9,1242.6,764.3,6296.6,1723.6,860.8,6204.1,1245.9,757.1,6329.5,1899.9,831.4,6274.0,1443.3,837.5,6313.0,1488.9,-640.4,6197.9,1530.3,-678.0,6182.9,1504.7,-676.0,6239.0,1605.5,-663.0,6189.6,1580.8,-657.2,6285.1,1647.7,-490.4,6129.9,1600.6,-485.2,6384.5,1673.8,-193.5,6067.7,1619.8,-216.5,6460.8,1518.3,11.4,6039.1,1580.6,-34.8,6462.3,1491.8,88.6,6028.7,1568.6,20.0,6486.6,1458.0,119.3,6069.8,1535.9,48.0,6442.9,1454.8,68.3,6046.1,1541.0,12.0,6460.0,1441.1,75.5,6060.8,1532.4,22.5,6445.4
1600.9,-27.9,6276.7,1631.1,-49.3,6197.6,1568.9,-46.4,6353.6,1583.0,-291.2,6266.1,1721.6,411.0,6229.7,1482.0,373.8,6342.9,1573.3,-547.0,6260.6,1863.1,772.9,6270.5,1421.7,762.1,6334.0,1700.2,849.3,6255.6,1240.2,773.8,6311.0,1727.0,862.6,6216.2,1240.2,766.9,6343.7,1904.1,832.2,6287.3,1441.8,838.5,6328.3,1474.9,-641.7,6211.3,1517.5,-678.7,6196.5,1490.0,-676.4,6252.6,1586.8,-663.3,6203.7,1561.2,-656.6,6299.1,1631.9,-489.5,6143.6,1584.4,-483.5,6399.0,1653.0,-193.7,6080.0,1597.7,-216.5,6475.5,1498.3,11.6,6052.7,1558.4,-34.8,6477.9,1472.3,88.9,6042.6,1545.4,20.3,6502.5,1438.2,119.2,6084.1,1512.9,48.2,6458.1,1435.8,68.3,6060.4,1518.5,12.3,6475.9,1423.2,75.5,6075.1,1510.1,22.7,6461.1
1579.6,-27.2,6275.6,1609.0,-49.2,6196.4,1544.9,-46.2,6352.7,1562.0,-290.0,6265.2,1705.7,410.8,6227.2,1464.2,378.0,6343.1,1550.1,-546.0,6259.7,1860.1,771.5,6267.5,1416.9,763.5,6335.3,1698.7,848.8,6251.3,1238.5,788.7,6310.7,1726.0,862.2,6212.4,1236.0,781.8,6342.9,1903.3,830.3,6284.8,1439.7,837.8,6330.1,1447.8,-639.4,6210.6,1488.7,-677.0,6195.6,1465.1,-674.6,6251.8,1563.5,-662.1,6202.7,1539.6,-655.2,6298.2,1607.9,-489.0,6142.6,1565.2,-481.8,6398.2,1635.5,-193.7,6078.1,1579.1,-216.3,6475.0,1480.9,11.0,6052.2,1537.1,-35.6,6477.5,1454.7,87.3,6041.6,1523.4,19.6,6502.0,1420.7,116.8,6083.0,1490.9,47.1,6457.3,1419.3,65.7,6059.4,1495.8,11.3,6475.3,1405.9,72.6,6074.0,1487.6,21.5,6460.3
1557.5,-27.6,6279.8,1589.5,-49.6,6200.6,1518.9,-46.2,6356.9,1538.7,-290.0,6269.5,1689.8,410.7,6230.2,1449.2,381.2,6348.1,1526.3,-545.9,6264.0,1856.8,767.9,6269.4,1413.8,765.5,6341.0,1698.2,849.1,6251.2,1236.4,805.0,6314.2,1726.2,862.3,6213.0,1232.6,798.7,6346.1,1904.0,826.5,6287.8,1439.1,838.2,6336.3,1428.0,-639.9,6214.5,1470.1,-677.3,6199.6,1443.2,-675.1,6255.8,1540.1,-662.4,6207.2,1514.7,-655.8,6302.5,1589.1,-489.0,6146.8,1534.4,-481.5,6402.3,1615.3,-193.6,6082.9,1554.1,-216.4,6479.7,1464.5,10.3,6057.4,1509.9,-36.9,6481.8,1435.9,86.0,6045.9,1496.9,18.3,6506.5,1400.1,114.8,6087.0,1465.9,46.1,6460.9,1399.8,63.6,6063.6,1469.9,9.8,6478.8,1384.9,70.3,6077.8,1462.1,20.1,6463.7
1536.3,-28.1,6281.9,1568.5,-50.1,6202.7,1496.9,-46.2,6359.1,1513.0,-290.4,6271.8,1665.7,410.6,6231.1,1433.4,381.9,6350.8,1499.8,-546.2,6266.4,1850.4,760.9,6269.8,1411.1,766.5,6344.0,1696.9,849.9,6249.6,1234.9,818.8,6314.9,1726.0,862.3,6212.1,1229.5,813.4,6346.5,1902.7,818.0,6289.4,1438.7,838.2,6339.4,1399.4,-639.5,6216.7,1441.6,-677.3,6201.7,1414.2,-675.3,6258.0,1518.7,-662.6,6209.5,1489.9,-656.3,6304.8,1565.0,-489.8,6149.2,1506.9,-482.2,6404.8,1592.5,-193.7,6085.5,1534.3,-216.5,6482.2,1445.0,9.6,6060.3,1487.8,-37.4,6483.6,1417.7,84.9,6047.9,1476.3,17.6,6508.1,1382.6,113.3,6088.4,1445.5,45.5,6462.7,1380.0,62.5,6065.1,1448.4,9.2,6480.2,1365.5,69.0,6078.9,1440.8,19.7,6465.3
1514.8,-28.6,6285.3,1548.4,-50.4,6205.9,1472.1,-46.7,6362.4,1485.8,-291.2,6275.3,1640.5,410.5,6233.5,1421.2,383.4,6355.3,1472.3,-547.0,6269.8,1841.8,752.4,6271.0,1409.1,767.8,6349.6,1695.7,851.4,6248.0,1234.6,828.1,6319.5,1726.1,862.2,6211.5,1228.6,822.7,6351.0,1898.0,805.2,6291.8,1439.1,838.8,6345.6,1378.4,-640.7,6219.6,1424.6,-678.0,6204.8,1390.7,-676.4,6261.1,1495.8,-663.1,6213.3,1459.7,-657.2,6308.4,1540.5,-490.6,6152.9,1470.5,-483.2,6408.1,1571.6,-194.0,6089.3,1497.1,-216.4,6486.2,1427.9,9.1,6064.1,1458.1,-37.1,6486.7,1401.1,84.4,6051.3,1448.7,18.2,6511.0,1366.0,113.1,6091.7,1420.1,46.3,6466.0,1363.0,62.4,6068.5,1419.0,9.9,6483.6,1348.6,69.1,6082.3,1413.2,20.6,6468.6
1478.8,-27.7,6277.0,1515.7,-47.3,6198.5,1436.5,-45.2,6353.6,1449.4,-289.6,6266.3,1582.8,410.1,6223.9,1393.1,381.6,6347.5,1432.5,-545.1,6259.9,1815.8,739.6,6263.2,1400.4,766.4,6344.0,1688.9,855.7,6237.6,1231.4,840.9,6309.6,1722.6,862.2,6201.3,1221.5,832.3,6342.5,1879.2,781.3,6286.3,1436.0,837.8,6341.4,1322.4,-641.4,6208.9,1372.1,-677.7,6195.2,1340.2,-675.5,6250.6,1452.6,-662.6,6203.5,1409.3,-655.6,6299.4,1502.0,-489.3,6142.7,1419.8,-482.4,6398.1,1535.5,-193.3,6082.3,1461.1,-217.7,6477.1,1392.4,9.1,6051.3,1413.7,-36.6,6481.1,1366.1,85.0,6035.8,1406.0,19.3,6505.2,1328.0,114.1,6075.1,1381.3,48.8,6459.1,1323.6,63.3,6052.9,1376.6,11.0,6477.8,1309.5,70.2,6066.0,1373.4,22.3,6462.8
1446.0,-28.0,6291.6,1478.4,-47.9,6212.8,1403.6,-45.9,6368.3,1419.0,-290.8,6280.8,1524.9,409.7,6236.7,1384.5,384.2,6363.2,1402.0,-546.9,6274.0,1787.9,718.2,6275.5,1401.7,768.5,6361.3,1686.6,858.2,6247.8,1233.0,843.1,6326.7,1724.0,863.2,6211.7,1225.3,835.6,6359.9,1858.7,747.0,6299.1,1437.6,839.2,6359.2,1300.8,-643.6,6222.7,1347.7,-679.5,6209.2,1315.6,-677.6,6264.7,1423.3,-664.2,6217.8,1386.1,-657.5,6313.5,1472.1,-490.7,6157.5,1389.2,-483.6,6412.2,1514.0,-194.1,6097.6,1420.6,-218.2,6492.2,1377.7,7.4,6067.2,1377.8,-36.6,6493.5,1349.7,82.6,6052.1,1368.9,20.4,6517.1,1311.7,112.1,6091.5,1346.9,50.2,6471.7,1312.2,61.4,6069.2,1343.2,12.1,6489.4,1296.9,68.4,6082.5,1341.6,23.5,6474.5
1419.6,-30.4,6306.6,1452.3,-51.6,6227.6,1377.4,-47.1,6383.4,1394.8,-292.7,6295.8,1478.1,408.9,6249.4,1374.3,386.8,6378.4,1377.8,-548.8,6288.8,1753.4,700.0,6288.8,1402.2,770.6,6377.4,1673.5,857.8,6258.1,1233.7,846.3,6343.0,1713.6,862.2,6223.3,1228.1,839.0,6376.7,1824.4,722.8,6313.4,1438.9,840.5,6375.5,1279.6,-648.5,6237.3,1329.1,-683.3,6223.9,1293.8,-680.9,6279.2,1401.7,-666.1,6233.0,1362.9,-659.4,6328.3,1451.4,-492.6,6172.7,1364.9,-485.4,6426.8,1494.6,-195.0,6113.6,1392.6,-218.8,6507.1,1359.2,6.5,6082.7,1350.6,-36.2,6506.2,1332.4,81.7,6067.5,1339.5,22.9,6530.0,1293.4,111.5,6106.4,1319.0,53.1,6485.3,1296.6,59.9,6084.1,1314.6,14.4,6502.0,1278.3,67.2,6097.2,1313.7,25.9,6487.2
1412.5,-33.0,6321.4,1444.9,-56.0,6242.2,1370.6,-48.8,6398.3,1388.8,-295.2,6310.7,1465.8,407.9,6262.0,1371.4,389.0,6393.4,1371.7,-551.1,6303.5,1740.9,691.7,6301.9,1404.0,772.7,6393.0,1665.4,858.6,6268.5,1235.3,848.9,6359.1,1705.2,859.8,6234.7,1231.0,841.7,6393.1,1811.0,713.2,6327.2,1441.0,841.9,6391.4,1274.1,-653.3,6251.6,1324.7,-687.3,6238.4,1288.2,-684.5,6293.6,1396.1,-668.1,6248.0,1356.8,-661.5,6343.0,1446.1,-494.7,6187.8,1359.6,-487.3,6441.3,1489.5,-195.9,6129.2,1385.2,-219.4,6521.8,1354.1,5.5,6097.8,1343.2,-35.6,6518.9,1327.8,80.7,6082.7,1331.4,25.3,6542.9,1288.4,110.8,6121.1,1311.2,55.5,6498.6,1292.7,58.4,6098.8,1306.8,16.7,6514.5,1273.2,65.8,6111.8,1305.9,28.0,6499.8
1395.0,-34.5,6322.5,1425.4,-59.7,6243.3,1354.9,-49.1,6399.1,1372.6,-296.6,6311.8,1424.2,405.2,6261.4,1362.5,390.8,6394.6,1357.4,-551.9,6304.4,1710.7,684.3,6300.3,1403.5,773.0,6394.7,1635.9,855.5,6266.6,1234.4,849.5,6362.1,1671.1,852.0,6233.2,1231.2,842.4,6396.4,1784.5,706.4,6325.3,1441.2,841.2,6393.4,1259.8,-653.0,6251.7,1307.1,-687.4,6238.8,1270.9,-684.5,6293.7,1378.7,-668.5,6249.1,1339.7,-661.8,6343.4,1431.7,-495.8,6189.4,1346.4,-487.3,6441.7,1471.6,-195.9,6132.3,1360.1,-219.3,6521.0,1343.3,5.8,6100.5,1315.8,-29.4,6515.8,1317.8,80.9,6085.9,1301.0,38.3,6540.3,1276.8,111.4,6123.6,1284.0,70.6,6496.5,1281.9,59.0,6100.9,1276.8,29.5,6511.8,1261.2,66.6,6113.7,1278.9,40.7,6497.1
1378.9,-35.5,6337.4,1411.5,-61.8,6258.2,1338.5,-49.2,6413.6,1355.9,-297.8,6326.2,1394.4,403.8,6276.8,1356.1,393.4,6410.6,1343.0,-553.5,6318.1,1669.2,683.7,6313.5,1405.0,774.7,6411.3,1585.3,852.6,6280.2,1237.2,852.1,6379.9,1620.3,846.2,6245.5,1235.3,844.8,6414.7,1741.1,708.2,6338.7,1444.5,841.6,6411.4,1247.4,-655.8,6264.7,1295.6,-689.7,6252.0,1258.2,-686.8,6306.7,1365.1,-670.2,6263.1,1324.8,-663.7,6356.8,1420.9,-497.1,6203.9,1328.5,-488.2,6455.1,1457.0,-196.3,6149.5,1335.3,-217.8,6533.2,1337.8,6.3,6117.6,1273.8,-16.1,6525.2,1314.7,81.5,6103.5,1260.0,57.3,6550.1,1274.0,112.2,6140.7,1250.7,92.1,6506.6,1275.9,60.0,6117.4,1238.4,49.8,6521.0,1255.9,67.4,6130.3,1245.3,61.7,6506.2
1361.5,-36.8,6343.8,1397.1,-63.0,6264.9,1319.7,-49.4,6419.5,1338.2,-298.4,6332.0,1363.2,401.4,6284.1,1343.3,393.5,6417.3,1322.6,-553.7,6323.3,1617.6,687.9,6320.3,1403.1,775.4,6418.6,1517.5,851.0,6288.0,1237.9,853.2,6386.4,1552.2,845.3,6253.0,1236.6,846.1,6421.6,1681.6,716.3,6345.5,1444.4,840.0,6420.3,1223.3,-656.2,6269.9,1270.9,-690.0,6257.3,1238.7,-687.2,6311.8,1346.6,-670.8,6268.6,1309.7,-664.3,6361.6,1402.1,-498.0,6209.8,1307.8,-488.4,6459.8,1442.4,-196.8,6157.8,1312.8,-214.9,6536.4,1327.8,6.5,6124.9,1235.7,-3.5,6527.0,1308.6,81.8,6110.9,1221.0,71.4,6550.7,1268.9,112.4,6147.7,1216.0,107.0,6507.7,1268.1,60.5,6123.8,1198.3,64.1,6521.3,1249.8,68.7,6136.7,1208.7,76.9,6506.4
1343.9,-37.5,6346.4,1381.3,-64.7,6268.1,1299.6,-49.6,6421.3,1322.4,-298.6,6334.3,1325.0,397.8,6287.0,1332.3,394.0,6420.4,1306.8,-553.7,6325.2,1555.3,693.3,6325.0,1398.0,774.3,6422.5,1440.7,849.4,6291.2,1239.0,854.5,6390.6,1473.6,845.5,6256.5,1237.5,847.3,6426.5,1614.6,724.3,6348.7,1440.1,834.7,6425.9,1207.7,-655.9,6271.3,1255.7,-689.8,6258.9,1222.5,-687.0,6313.1,1330.8,-670.9,6270.6,1292.5,-664.2,6362.9,1386.3,-498.9,6212.5,1287.3,-488.2,6460.7,1430.6,-197.3,6163.0,1287.0,-212.0,6535.7,1317.9,6.8,6128.7,1196.6,2.9,6524.5,1301.4,81.8,6115.1,1176.6,78.0,6545.9,1262.8,112.9,6151.2,1179.2,114.8,6503.6,1260.3,61.4,6127.2,1155.8,70.2,6516.4,1241.7,70.8,6140.0,1170.2,83.9,6501.5
1333.2,-38.4,6365.5,1369.7,-67.0,6287.6,1290.2,-50.2,6439.9,1309.6,-299.9,6353.6,1281.4,394.9,6304.8,1339.4,394.4,6438.7,1293.6,-555.4,6344.7,1486.2,697.6,6341.1,1400.7,774.2,6439.1,1357.5,852.8,6305.2,1241.6,857.9,6406.4,1391.0,850.0,6270.1,1241.1,851.0,6443.4,1539.9,732.6,6364.7,1444.2,833.2,6442.1,1192.4,-657.7,6291.1,1238.7,-691.7,6278.6,1209.8,-688.9,6332.8,1315.2,-673.0,6290.1,1280.0,-666.2,6382.5,1373.2,-501.2,6232.4,1270.8,-489.1,6479.8,1421.3,-198.6,6184.0,1260.7,-210.7,6552.8,1312.9,7.5,6147.8,1167.5,4.4,6539.5,1299.2,82.0,6134.0,1144.8,80.2,6560.1,1262.9,114.6,6169.3,1144.6,118.2,6518.2,1258.9,63.4,6145.1,1119.6,72.4,6530.7,1239.9,74.9,6157.9,1134.7,86.8,6515.6
1316.1,-40.1,6360.0,1352.0,-69.5,6282.8,1273.3,-50.9,6433.6,1291.5,-299.9,6348.5,1243.3,390.0,6298.6,1341.7,393.6,6430.7,1275.2,-554.9,6339.8,1412.9,715.8,6331.9,1401.1,772.5,6430.1,1250.4,852.4,6298.1,1240.3,857.9,6395.9,1279.9,849.7,6262.2,1240.2,850.7,6434.6,1463.3,775.9,6354.3,1443.4,830.7,6432.6,1171.6,-656.7,6286.1,1217.3,-691.0,6273.9,1186.5,-688.0,6327.7,1298.0,-672.5,6285.3,1261.2,-665.6,6377.3,1356.6,-501.2,6228.5,1250.9,-488.2,6473.9,1404.4,-199.1,6180.7,1233.4,-209.7,6544.7,1302.0,8.7,6142.4,1133.8,4.3,6530.1,1289.3,82.1,6128.0,1110.3,80.6,6549.2,1254.6,117.1,6162.5,1107.5,118.5,6507.4,1248.8,66.1,6138.4,1081.2,72.4,6519.7,1229.4,79.5,6150.9,1095.3,87.0,6504.7
1295.5,-41.4,6347.7,1331.3,-70.0,6271.3,1254.3,-51.8,6420.7,1271.8,-299.4,6336.7,1212.6,384.7,6285.7,1339.2,392.2,6415.6,1256.5,-553.7,6328.2,1348.7,736.8,6315.0,1396.7,770.7,6414.3,1179.5,850.1,6283.7,1232.7,856.2,6378.6,1202.1,849.7,6246.4,1236.7,848.3,6419.4,1396.0,804.9,6334.9,1439.6,830.6,6415.5,1155.9,-655.2,6274.4,1202.3,-689.4,6262.4,1169.8,-686.3,6315.8,1277.9,-671.2,6273.9,1240.8,-664.2,6365.5,1339.8,-500.1,6217.6,1226.3,-487.0,6461.2,1385.9,-198.3,6170.8,1213.1,-208.5,6530.3,1289.2,10.3,6129.6,1098.1,2.2,6513.5,1277.8,82.7,6115.0,1069.9,78.2,6530.9,1241.5,121.9,6148.8,1069.3,116.4,6488.8,1236.5,69.7,6124.2,1042.6,69.0,6501.5,1216.1,84.9,6137.0,1056.2,83.8,6486.3
1290.0,-40.8,6358.9,1315.5,-62.1,6282.7,1264.3,-51.0,6432.2,1275.0,-297.5,6347.2,1181.6,387.1,6292.8,1331.0,393.4,6423.3,1255.7,-550.9,6339.3,1277.0,754.4,6317.4,1399.4,772.5,6424.2,1099.2,850.2,6291.0,1227.9,862.1,6385.3,1120.0,850.3,6251.9,1238.3,856.1,6428.1,1325.5,831.0,6337.9,1443.1,833.4,6427.6,1141.9,-655.9,6285.0,1187.4,-690.7,6274.2,1160.0,-686.3,6327.0,1262.9,-673.3,6285.2,1218.9,-663.9,6378.4,1329.7,-499.5,6226.2,1217.9,-481.9,6472.4,1374.8,-198.8,6182.0,1212.4,-210.2,6541.5,1283.7,12.1,6133.3,1069.2,-0.1,6522.7,1271.0,86.5,6117.5,1038.2,74.4,6539.0,1229.2,131.7,6150.0,1040.0,114.0,6496.3,1232.1,76.7,6125.8,1008.5,65.6,6508.9,1210.8,93.8,6138.6,1018.7,80.6,6494.1
1240.1,-41.7,6345.4,1275.4,-62.6,6269.6,1206.0,-51.6,6418.6,1225.9,-296.9,6334.1,1138.1,386.3,6272.5,1320.7,393.1,6406.8,1213.9,-548.8,6326.8,1145.1,772.3,6290.5,1392.7,770.9,6405.2,980.4,842.5,6265.1,1223.0,861.6,6363.6,986.1,846.4,6226.6,1234.7,856.0,6407.0,1172.4,848.9,6310.5,1439.0,831.3,6409.3,1113.2,-653.6,6272.7,1160.6,-688.0,6261.9,1125.3,-683.9,6314.5,1232.8,-671.8,6273.4,1186.7,-662.2,6365.6,1299.2,-497.9,6214.7,1177.2,-481.4,6459.2,1342.7,-198.2,6170.9,1163.4,-209.6,6526.6,1261.5,16.7,6119.1,1024.1,-0.7,6504.3,1253.5,91.0,6102.8,991.9,73.3,6518.0,1214.7,136.1,6134.3,992.3,111.5,6474.7,1212.3,82.9,6109.8,965.4,64.9,6487.9,1188.9,99.2,6122.5,979.4,78.9,6472.9
1228.7,-41.2,6351.2,1260.3,-54.5,6275.4,1200.3,-51.3,6425.0,1216.7,-293.4,6339.6,1116.7,386.5,6272.2,1304.7,393.3,6410.9,1201.2,-544.0,6333.1,1077.2,780.0,6285.4,1392.3,772.0,6409.2,905.7,835.6,6255.8,1222.4,864.1,6365.1,920.0,843.8,6218.5,1235.4,858.6,6409.3,1102.7,854.8,6305.7,1440.9,832.3,6414.7,1083.9,-654.0,6278.2,1136.7,-687.8,6267.9,1104.9,-683.0,6320.4,1213.4,-671.8,6279.3,1163.4,-660.0,6372.5,1283.8,-494.3,6218.8,1163.3,-476.8,6466.2,1322.2,-196.0,6178.2,1148.8,-209.3,6530.9,1243.0,24.3,6123.4,993.5,-3.7,6505.0,1237.6,99.6,6107.8,959.0,72.6,6516.2,1197.7,145.4,6137.9,958.1,110.8,6471.7,1196.6,92.0,6112.5,928.5,61.5,6485.1,1173.6,108.2,6125.1,941.9,77.9,6470.1
1227.6,-39.7,6368.2,1257.4,-45.6,6292.3,1201.8,-50.1,6442.6,1216.5,-289.7,6356.4,1112.9,387.5,6283.4,1298.6,394.2,6426.6,1199.3,-540.5,6350.6,1063.6,784.8,6292.3,1394.7,774.6,6425.0,891.4,831.4,6258.3,1224.3,867.5,6378.5,907.6,842.4,6222.2,1238.4,862.0,6423.4,1089.8,858.7,6313.1,1445.9,835.0,6431.7,1074.7,-655.5,6294.8,1129.4,-688.9,6285.1,1099.2,-683.3,6337.5,1208.2,-672.8,6296.3,1156.8,-658.6,6390.7,1280.5,-491.2,6233.9,1160.5,-472.8,6484.6,1317.2,-193.6,6196.4,1146.4,-209.4,6546.9,1236.9,30.0,6138.7,985.0,-7.3,6517.6,1232.3,106.3,6123.7,950.3,71.2,6526.6,1191.5,152.0,6152.6,949.3,110.7,6480.8,1191.0,98.1,6126.3,918.2,57.4,6494.4,1168.4,114.0,6138.8,931.4,76.2,6479.3
1191.9,-40.0,6349.6,1227.2,-48.6,6274.0,1156.9,-50.3,6423.9,1181.7,-289.7,6337.5,1090.4,386.8,6262.1,1285.4,393.1,6406.2,1169.6,-540.0,6332.6,1017.1,787.1,6266.6,1387.7,771.8,6402.8,852.3,822.3,6233.6,1218.2,865.2,6354.9,863.2,834.9,6197.8,1233.7,859.9,6399.9,1038.4,860.7,6286.3,1440.5,832.1,6409.0,1059.0,-652.6,6277.8,1109.3,-685.5,6267.8,1081.3,-680.8,6320.4,1186.4,-669.8,6278.9,1147.7,-657.5,6372.7,1253.7,-490.2,6216.9,1135.9,-473.7,6466.2,1299.8,-191.7,6179.5,1117.0,-208.3,6527.5,1222.2,32.6,6120.2,965.0,-10.3,6496.1,1217.9,109.1,6105.3,933.8,69.5,6504.3,1178.2,153.9,6133.9,928.4,109.9,6458.1,1172.3,100.7,6107.1,901.2,53.9,6471.6,1151.1,116.3,6119.7,914.5,73.0,6456.7
1164.6,-39.9,6333.6,1203.1,-48.9,6258.3,1123.6,-50.3,6407.6,1152.0,-288.8,6320.7,1069.9,386.1,6243.8,1271.9,392.6,6389.2,1142.5,-538.6,6315.8,982.5,786.5,6247.1,1380.5,769.4,6384.6,811.0,811.9,6213.8,1212.7,863.9,6336.0,822.1,826.9,6177.6,1229.6,858.8,6380.6,998.1,861.5,6265.7,1436.2,829.6,6390.6,1044.8,-650.4,6261.5,1095.2,-682.7,6251.0,1060.1,-678.7,6303.8,1166.8,-666.6,6262.3,1124.9,-655.7,6355.6,1231.4,-486.9,6201.8,1106.0,-473.4,6448.9,1284.0,-188.8,6164.4,1084.4,-206.9,6510.0,1203.6,37.5,6104.2,942.7,-11.3,6476.9,1202.8,114.4,6089.7,912.3,67.4,6484.2,1166.5,159.6,6118.1,905.4,108.4,6438.0,1154.3,107.4,6090.5,882.0,51.3,6452.0,1136.6,123.2,6103.1,893.2,70.4,6436.8
1137.7,-39.8,6322.0,1178.5,-48.1,6247.0,1093.5,-50.2,6395.8,1124.8,-288.0,6308.7,1046.5,387.1,6229.2,1255.7,392.8,6378.4,1121.1,-537.4,6304.0,952.7,787.3,6231.3,1374.5,766.9,6371.9,777.1,808.3,6193.2,1208.3,863.5,6323.3,794.6,824.6,6158.1,1226.1,858.6,6367.2,968.9,861.6,6250.2,1432.9,825.9,6378.2,1019.5,-646.8,6250.7,1068.5,-680.0,6239.7,1037.2,-676.3,6292.8,1147.5,-664.0,6250.5,1109.6,-654.3,6343.7,1212.9,-482.8,6191.2,1084.4,-473.2,6436.8,1263.9,-185.0,6153.8,1060.6,-206.0,6497.4,1183.9,41.4,6092.7,922.0,-13.1,6462.4,1183.6,119.4,6078.8,889.0,66.0,6468.0,1146.9,164.4,6105.4,884.2,107.2,6420.7,1135.6,112.1,6077.1,860.5,49.2,6435.3,1118.2,127.1,6088.9,871.6,68.3,6420.0
1115.5,-39.6,6326.6,1156.1,-48.0,6251.3,1071.9,-50.5,6400.5,1101.3,-287.9,6312.8,1025.5,390.0,6231.6,1237.6,394.2,6383.2,1098.3,-537.9,6307.6,940.8,788.5,6233.3,1371.1,764.7,6376.3,764.0,811.1,6192.9,1207.3,864.5,6327.8,784.2,826.7,6158.1,1225.8,859.5,6371.0,961.0,861.4,6251.8,1432.2,821.2,6382.2,1006.0,-646.8,6254.2,1056.0,-679.9,6243.1,1019.3,-676.7,6296.4,1131.6,-663.2,6254.2,1088.8,-654.7,6347.2,1188.5,-479.9,6195.8,1063.3,-474.0,6440.3,1235.2,-182.5,6158.7,1043.2,-205.4,6501.9,1163.6,45.5,6096.1,905.8,-14.4,6467.1,1165.7,124.1,6082.2,871.8,64.9,6471.4,1129.9,168.5,6108.4,867.9,106.2,6423.8,1118.1,116.6,6079.6,844.5,48.0,6438.2,1098.5,131.6,6091.5,857.6,67.3,6423.1
1095.3,-38.4,6327.2,1136.4,-46.8,6251.9,1051.6,-50.4,6401.1,1080.9,-286.7,6313.3,1006.1,394.0,6230.9,1210.4,394.5,6383.6,1076.7,-537.2,6308.1,928.8,788.2,6232.7,1365.0,759.0,6376.1,750.0,811.7,6191.1,1205.9,864.6,6327.8,773.2,830.0,6155.5,1224.7,859.3,6370.5,953.7,859.1,6250.6,1427.1,810.5,6381.5,983.1,-645.6,6255.3,1033.8,-679.0,6243.9,998.1,-675.3,6297.4,1110.6,-661.6,6254.9,1068.2,-653.4,6347.9,1163.7,-477.5,6196.3,1043.9,-474.0,6440.8,1212.5,-178.8,6159.6,1021.0,-203.6,6502.8,1137.7,50.2,6094.8,885.5,-13.8,6467.2,1141.4,129.8,6081.4,854.6,65.3,6472.4,1105.9,175.4,6107.7,850.6,106.6,6425.2,1093.4,123.1,6078.1,826.8,49.1,6438.2,1072.2,138.0,6090.4,841.3,68.3,6423.9
1070.4,-37.2,6332.5,1109.9,-46.8,6257.1,1027.7,-50.3,6406.4,1058.9,-286.3,6319.1,985.8,399.0,6236.4,1182.5,394.9,6387.5,1058.9,-537.8,6313.8,921.8,788.6,6239.3,1355.5,751.6,6379.7,744.3,822.2,6198.3,1206.1,865.4,6332.1,768.0,838.6,6162.1,1224.7,859.6,6374.3,951.2,857.9,6256.1,1419.0,798.6,6384.5,964.1,-645.1,6261.5,1013.1,-678.9,6249.9,979.1,-675.6,6303.6,1088.9,-660.9,6260.9,1050.7,-653.9,6353.8,1142.0,-477.0,6202.3,1024.4,-474.6,6446.4,1188.9,-174.3,6165.0,996.2,-201.0,6508.4,1114.1,53.3,6098.3,869.8,-12.7,6472.7,1118.5,133.3,6085.3,842.1,66.2,6478.3,1083.6,180.7,6112.1,834.4,107.0,6431.0,1068.2,128.1,6082.3,813.0,50.3,6443.6,1048.7,144.0,6095.3,826.2,69.1,6429.4
1047.7,-37.6,6345.3,1089.5,-47.3,6269.9,1003.4,-50.4,6419.1,1034.9,-286.7,6332.3,971.2,402.8,6248.5,1156.6,396.2,6399.8,1038.3,-538.6,6327.3,919.8,790.3,6252.4,1345.6,744.5,6392.6,742.0,836.2,6210.8,1208.5,868.3,6344.2,765.8,848.2,6173.8,1226.0,861.6,6386.4,952.1,858.7,6268.7,1410.7,785.0,6397.8,941.6,-646.0,6275.5,991.0,-679.9,6263.5,959.0,-677.1,6317.5,1066.2,-661.8,6274.2,1029.8,-655.5,6367.5,1122.9,-476.4,6215.4,1003.3,-475.8,6459.9,1160.5,-170.1,6178.1,972.2,-198.9,6520.9,1087.1,56.5,6109.7,854.8,-10.1,6484.4,1091.8,136.4,6096.6,831.5,68.1,6490.5,1058.0,184.0,6123.4,823.9,108.7,6442.9,1042.8,131.5,6093.8,800.1,53.3,6455.2,1024.8,147.7,6107.1,812.5,72.1,6441.2
1036.1,-22.0,6341.8,1068.2,-29.1,6266.8,1002.9,-38.7,6415.3,1030.1,-277.8,6328.1,952.5,406.6,6246.1,1103.8,401.7,6397.3,1027.9,-534.7,6323.2,918.0,789.5,6249.5,1326.0,732.4,6394.7,748.4,843.2,6211.1,1209.9,871.2,6347.0,768.2,852.9,6173.0,1225.8,863.2,6388.7,955.6,857.4,6267.1,1398.3,758.8,6402.3,913.2,-646.8,6272.2,963.3,-680.6,6260.7,938.3,-677.1,6314.4,1043.5,-662.6,6270.4,1000.7,-653.9,6365.2,1104.5,-471.4,6210.1,989.3,-471.3,6455.8,1128.1,-171.1,6175.3,970.1,-200.5,6515.3,1054.9,59.5,6108.0,842.8,-6.6,6478.6,1057.4,142.9,6093.9,818.5,71.1,6484.5,1024.1,192.0,6119.5,810.4,116.1,6436.2,1014.4,139.4,6090.5,786.0,58.5,6449.3,998.4,155.4,6103.4,795.3,79.1,6435.1
1012.0,-24.3,6361.6,1042.8,-34.2,6286.3,972.3,-40.7,6435.2,1001.2,-281.7,6348.2,948.2,410.3,6267.2,1075.7,403.7,6417.5,999.1,-537.5,6342.9,921.5,793.6,6272.7,1301.5,720.1,6417.6,745.5,850.2,6236.6,1213.5,873.2,6369.6,764.3,862.1,6198.5,1226.9,865.7,6410.8,958.0,860.5,6290.3,1376.7,741.1,6426.8,900.1,-649.5,6292.2,947.6,-683.1,6280.4,920.4,-679.7,6334.3,1021.8,-664.9,6290.0,984.9,-656.5,6384.7,1077.6,-476.1,6230.1,971.5,-473.5,6475.6,1103.9,-172.5,6194.8,942.9,-200.7,6535.7,1026.1,58.4,6127.6,840.9,-3.7,6498.3,1028.8,140.8,6114.0,816.4,75.0,6504.9,994.6,189.2,6139.8,810.4,120.9,6456.6,984.3,136.0,6110.7,788.0,64.2,6469.7,964.6,151.8,6123.9,800.4,84.9,6455.5
969.0,-25.6,6337.6,1003.0,-35.7,6262.2,927.1,-41.5,6411.1,957.7,-281.5,6324.4,931.6,410.5,6246.1,970.1,405.0,6393.4,955.1,-539.1,6318.7,917.6,792.3,6254.5,1240.5,696.4,6394.7,744.5,852.1,6221.4,1187.4,869.9,6348.5,760.4,865.3,6183.3,1195.4,862.4,6389.1,952.9,858.0,6270.3,1320.4,708.3,6403.6,864.2,-649.7,6267.8,914.1,-683.3,6255.9,875.5,-680.4,6309.6,986.7,-663.5,6266.1,941.7,-656.3,6360.1,1030.8,-475.4,6206.8,932.1,-474.7,6451.1,1058.7,-172.2,6170.8,908.1,-198.3,6511.9,956.0,55.7,6105.0,824.3,1.4,6475.3,948.0,137.0,6092.0,802.1,77.1,6482.9,906.8,184.6,6118.3,796.6,121.1,6435.3,902.5,131.8,6089.9,779.7,68.0,6447.8,883.1,147.8,6103.1,791.0,86.5,6433.7
936.1,-26.3,6292.2,969.0,-40.0,6216.9,893.9,-41.6,6365.6,924.1,-282.3,6279.2,914.8,406.8,6203.5,881.2,402.2,6348.2,920.9,-540.6,6273.1,910.0,788.8,6214.1,1174.2,677.5,6350.7,741.5,849.3,6185.3,1126.4,860.0,6307.3,755.4,863.0,6147.1,1132.6,852.8,6347.0,944.4,852.8,6227.7,1255.6,686.9,6358.6,824.9,-647.4,6222.9,872.1,-681.9,6210.6,836.9,-678.4,6264.3,949.4,-661.0,6220.8,908.1,-654.4,6314.1,994.1,-475.0,6161.8,904.8,-475.1,6405.1,1027.8,-171.8,6124.2,888.1,-196.6,6467.3,903.7,54.1,6062.2,818.6,-0.1,6431.9,887.0,133.5,6049.3,798.6,74.7,6441.6,844.9,175.8,6075.8,788.9,117.9,6394.8,843.5,123.8,6048.4,777.2,65.1,6406.9,825.0,137.3,6061.3,784.8,83.1,6392.9
922.8,-26.5,6265.8,955.3,-44.6,6190.3,880.4,-42.0,6339.2,910.9,-284.4,6253.0,906.2,404.5,6179.6,856.5,400.4,6322.2,907.6,-543.2,6246.4,906.0,787.2,6192.3,1150.2,667.8,6325.6,740.1,848.3,6167.5,1096.5,851.7,6284.4,753.0,862.0,6129.0,1103.5,844.8,6323.6,939.8,850.1,6204.0,1230.8,677.5,6332.5,809.4,-646.2,6196.7,855.0,-681.5,6184.0,821.9,-677.6,6237.8,933.7,-660.5,6194.2,894.4,-654.2,6287.1,979.7,-476.6,6135.5,893.9,-476.5,6378.3,1015.3,-171.4,6096.4,878.9,-195.7,6442.1,886.5,50.0,6037.7,815.3,-0.9,6407.8,867.8,127.1,6024.9,796.6,73.8,6419.4,825.6,164.2,6051.8,785.0,116.7,6373.2,825.1,113.2,6025.3,775.7,63.7,6384.9,807.0,124.9,6037.9,781.5,81.8,6370.9
900.2,-27.1,6243.2,932.4,-49.1,6167.5,858.8,-43.3,6316.6,887.9,-287.5,6230.4,891.1,402.3,6161.1,815.3,398.2,6299.9,889.4,-546.0,6223.3,899.9,784.8,6178.2,1104.7,665.0,6303.1,739.9,848.9,6153.7,1040.2,844.4,6263.8,752.9,862.1,6114.9,1047.4,839.1,6303.2,933.7,847.7,6187.4,1181.3,677.0,6309.9,794.5,-647.5,6173.6,841.1,-682.2,6160.7,807.9,-680.5,6214.4,915.9,-660.0,6171.0,880.0,-656.1,6263.6,961.6,-477.6,6112.8,874.5,-481.1,6355.0,985.6,-171.2,6073.4,866.2,-195.5,6419.6,856.8,44.1,6017.3,806.0,-1.6,6386.9,837.0,120.6,6004.1,787.0,69.6,6400.3,794.0,154.2,6031.0,770.8,109.0,6355.2,794.8,103.5,6004.9,766.0,62.0,6366.1,776.2,114.0,6017.3,768.0,78.0,6352.5
882.5,-28.2,6239.2,914.4,-52.4,6163.2,843.2,-44.4,6312.8,868.8,-290.5,6226.7,882.5,401.3,6160.0,776.4,397.3,6294.9,873.0,-548.4,6219.6,901.1,784.2,6179.8,1044.4,670.6,6299.8,741.6,853.0,6155.9,949.5,840.2,6260.2,757.4,864.9,6116.6,959.7,835.4,6299.7,935.6,847.7,6188.8,1117.2,685.9,6304.5,773.6,-648.9,6171.0,818.8,-683.5,6157.4,793.3,-682.8,6211.3,894.8,-661.9,6167.2,864.4,-658.8,6259.9,940.5,-478.8,6108.9,864.3,-484.0,6351.6,953.2,-172.3,6067.8,851.1,-197.1,6416.3,821.9,37.6,6013.3,790.2,-2.7,6385.7,800.0,113.1,6000.0,772.7,64.6,6400.4,757.4,144.4,6027.2,752.8,101.5,6355.8,756.1,94.9,6001.8,750.2,58.6,6367.4,739.6,104.4,6014.4,748.6,73.3,6353.6
868.1,-30.8,6249.3,900.9,-56.4,6172.9,829.3,-46.8,6323.2,854.3,-294.3,6237.4,874.9,401.6,6172.4,739.8,394.4,6304.9,857.5,-552.0,6230.4,903.1,785.7,6193.8,994.8,677.1,6310.3,743.1,857.2,6170.9,883.6,838.5,6273.2,759.6,869.9,6131.3,895.1,833.4,6312.3,939.5,848.6,6202.2,1057.6,693.8,6314.6,755.1,-652.4,6182.3,801.1,-686.9,6168.4,775.2,-686.9,6222.5,878.0,-665.2,6177.7,849.7,-662.1,6270.7,921.4,-481.8,6119.0,854.0,-487.2,6363.0,930.5,-176.1,6076.1,844.3,-202.0,6427.3,786.6,28.0,6024.6,786.2,-8.4,6398.7,760.9,101.9,6010.8,768.5,52.3,6414.5,720.8,130.5,6038.9,743.8,84.5,6370.8,721.4,81.5,6014.4,745.1,45.9,6382.4,707.7,89.5,6026.9,739.8,57.8,6368.8
858.1,-32.6,6293.8,889.2,-58.3,6216.4,822.0,-49.6,6368.5,846.8,-297.6,6282.4,873.0,404.9,6219.7,717.5,387.3,6349.1,847.7,-557.4,6276.2,908.5,791.9,6243.3,907.2,691.8,6354.9,749.3,865.2,6221.7,795.7,847.5,6316.3,767.1,878.3,6181.3,794.4,841.5,6356.1,945.3,854.8,6253.4,954.3,725.1,6359.7,739.6,-660.6,6229.0,785.5,-695.0,6214.6,766.7,-694.1,6269.2,861.9,-673.0,6223.1,838.9,-668.4,6317.0,904.8,-486.6,6162.9,850.9,-492.5,6409.8,905.6,-179.9,6117.9,842.7,-207.7,6473.6,756.9,18.8,6069.3,785.6,-13.4,6448.0,726.8,93.2,6056.1,766.7,46.5,6464.8,689.2,121.1,6085.2,737.6,76.3,6420.7,689.3,71.5,6060.8,741.1,39.0,6433.3,677.7,79.2,6073.5,733.2,50.0,6419.6
838.7,-33.7,6289.8,866.3,-59.7,6212.3,806.7,-50.5,6365.1,830.9,-297.7,6279.3,861.0,404.8,6218.4,684.8,378.4,6344.7,831.1,-557.1,6274.1,907.6,791.3,6242.5,834.8,715.8,6349.4,747.0,864.7,6222.7,700.2,847.5,6311.1,766.5,878.3,6181.5,702.2,841.7,6350.7,943.0,854.4,6251.6,876.8,768.2,6354.4,717.0,-661.5,6228.9,762.3,-696.1,6213.8,748.0,-694.7,6268.4,840.4,-674.4,6221.0,822.7,-668.9,6314.8,884.1,-488.3,6159.6,842.6,-491.3,6407.6,880.0,-182.2,6112.9,832.8,-209.2,6469.8,716.3,12.4,6068.6,779.9,-13.4,6447.6,682.1,86.2,6055.8,762.1,46.4,6465.0,644.4,112.4,6086.9,731.5,73.6,6420.5,645.9,62.4,6062.4,736.6,37.7,6434.0,635.2,69.1,6075.4,728.4,47.1,6420.4
820.9,-36.0,6295.3,849.8,-60.4,6217.3,789.4,-52.6,6371.1,811.1,-298.3,6284.9,850.0,405.6,6226.6,656.9,371.3,6349.3,811.7,-556.8,6280.0,908.4,792.5,6254.5,757.2,734.0,6352.4,746.7,868.2,6233.0,621.2,848.3,6312.9,768.0,880.6,6191.2,614.8,842.6,6352.6,944.1,855.6,6263.2,798.2,790.9,6359.4,697.1,-662.8,6235.9,743.3,-697.4,6220.3,729.7,-695.6,6275.2,821.1,-675.9,6226.4,804.3,-669.4,6321.0,864.7,-489.1,6163.9,821.4,-492.3,6414.1,856.4,-185.5,6116.7,816.4,-213.7,6475.5,681.5,3.4,6074.4,765.1,-14.6,6458.1,643.6,75.9,6061.0,747.9,45.8,6476.2,603.2,101.0,6093.1,716.2,71.7,6431.9,608.6,48.4,6068.1,721.0,36.2,6446.1,597.3,54.9,6080.9,712.0,44.7,6432.8
804.7,-28.3,6272.9,831.4,-43.5,6195.3,778.1,-42.8,6348.4,796.2,-293.1,6262.1,840.1,409.0,6208.7,635.5,367.5,6325.9,792.6,-551.0,6257.0,906.8,791.1,6242.8,687.5,744.4,6327.1,743.5,868.5,6223.4,530.8,845.0,6286.8,766.7,880.9,6179.0,525.9,839.3,6326.5,944.1,854.1,6253.4,724.0,807.8,6334.6,670.9,-659.8,6213.6,721.3,-694.0,6199.2,704.6,-691.6,6253.8,797.0,-673.0,6203.7,769.8,-666.3,6300.5,846.5,-485.3,6138.6,777.6,-488.1,6392.2,824.2,-192.6,6091.4,810.5,-210.3,6452.8,645.2,-2.5,6046.9,754.9,0.9,6445.3,601.9,70.9,6033.9,735.6,66.2,6463.1,553.1,96.7,6065.0,699.4,86.4,6418.8,569.5,42.8,6040.1,706.1,55.3,6433.6,553.6,50.7,6052.3,696.3,61.2,6420.6
771.7,-28.9,6255.5,801.2,-44.9,6177.8,746.4,-43.4,6331.5,764.5,-292.2,6244.8,828.7,409.3,6194.1,618.7,364.9,6309.2,764.4,-549.4,6240.4,903.4,789.3,6228.7,624.9,755.8,6308.7,739.4,867.8,6210.8,443.2,841.0,6270.0,764.7,880.0,6167.5,441.9,834.9,6308.9,941.2,851.7,6239.6,650.4,824.8,6315.6,652.9,-657.0,6197.3,699.5,-691.2,6182.8,679.2,-689.3,6237.5,773.6,-670.5,6186.7,748.6,-664.3,6283.7,816.3,-485.2,6121.6,761.0,-486.9,6375.4,793.5,-198.3,6070.4,779.8,-212.5,6436.4,614.0,-9.6,6027.2,735.0,-0.9,6435.9,573.3,61.8,6013.8,721.1,64.1,6455.0,526.4,86.4,6046.2,688.7,85.8,6410.5,539.1,33.3,6020.2,692.2,53.4,6425.6,526.6,40.8,6032.3,683.5,60.0,6412.6
744.4,-29.0,6238.7,776.2,-45.3,6160.9,715.8,-43.7,6315.2,736.4,-291.0,6227.8,817.1,411.2,6180.5,595.0,365.4,6293.5,736.8,-547.1,6224.0,900.2,787.9,6217.3,556.7,764.5,6290.6,735.8,867.3,6202.2,371.7,830.0,6253.4,762.7,879.2,6160.4,370.1,824.2,6291.2,939.6,850.2,6228.8,577.4,838.5,6295.9,629.2,-653.9,6182.0,671.4,-688.8,6167.1,653.8,-686.2,6222.1,748.1,-668.1,6170.2,725.5,-661.7,6267.4,789.8,-484.2,6104.5,739.3,-485.4,6359.2,761.1,-198.7,6050.8,747.3,-213.9,6420.2,579.7,-13.7,6010.3,708.9,-1.7,6424.1,539.9,57.0,5996.2,698.8,62.7,6444.4,495.1,81.3,6028.9,671.6,83.9,6400.3,505.3,28.3,6003.7,673.2,52.7,6415.7,493.8,35.5,6015.4,665.3,58.9,6402.5
699.0,-28.8,6207.6,729.8,-45.2,6129.8,670.8,-43.4,6284.5,691.9,-288.8,6197.1,789.0,411.4,6151.7,564.4,365.8,6263.7,690.6,-543.9,6193.8,893.6,784.2,6188.3,476.3,768.0,6258.2,730.1,864.2,6175.2,292.7,808.8,6223.1,758.9,876.0,6135.3,294.8,804.4,6260.0,934.8,845.3,6199.2,489.0,847.9,6260.9,584.4,-648.7,6153.0,624.8,-684.4,6137.5,608.2,-681.3,6192.5,701.4,-664.6,6140.1,680.7,-657.6,6237.0,740.0,-482.5,6073.8,703.8,-482.9,6328.5,723.9,-197.8,6019.4,702.4,-213.1,6388.9,535.5,-15.1,5981.0,666.0,-3.8,6396.0,497.3,53.7,5966.5,659.6,57.7,6417.2,457.9,78.8,5999.5,634.0,79.1,6372.7,463.6,27.5,5974.5,629.9,48.9,6388.1,454.7,34.9,5985.9,622.5,55.1,6374.7
682.8,-28.7,6196.5,713.4,-45.1,6118.6,654.0,-43.2,6273.9,675.5,-287.6,6186.4,776.2,412.5,6142.4,553.2,366.2,6254.1,674.1,-542.4,6183.5,890.4,783.0,6178.9,458.3,770.1,6246.2,727.2,863.6,6167.7,276.1,795.7,6212.8,757.6,875.5,6129.4,279.3,792.1,6249.0,933.1,843.3,6189.3,470.2,851.8,6246.5,568.2,-645.5,6143.6,608.4,-681.9,6127.6,591.7,-678.5,6182.7,685.3,-663.3,6129.8,664.4,-655.6,6226.5,722.8,-482.3,6062.7,690.0,-482.0,6318.2,711.7,-197.5,6007.5,685.1,-213.0,6378.3,521.5,-16.0,5970.9,648.2,-6.4,6388.1,484.0,51.9,5955.8,642.5,52.5,6410.3,446.0,77.5,5989.4,617.4,74.6,6365.4,450.3,26.9,5964.3,611.2,44.4,6380.8,441.9,34.5,5975.4,604.1,51.1,6367.2
665.1,-28.6,6197.4,695.1,-45.1,6119.2,635.0,-42.8,6275.3,653.8,-285.9,6187.5,763.0,415.9,6144.6,534.1,367.6,6255.5,651.9,-541.2,6185.4,888.4,783.2,6181.1,442.8,773.4,6246.0,726.7,864.7,6170.0,258.5,795.3,6210.8,757.9,876.4,6132.9,257.2,791.6,6246.6,932.7,842.5,6191.4,456.5,853.7,6244.4,548.1,-643.2,6145.3,591.4,-680.8,6129.3,570.3,-676.8,6184.5,665.9,-663.2,6131.5,641.8,-654.5,6228.4,700.5,-482.3,6063.9,667.5,-481.1,6320.4,689.0,-198.3,6006.9,667.0,-212.9,6379.7,500.2,-15.5,5969.9,633.8,-6.0,6392.7,464.3,52.1,5954.6,627.2,53.1,6416.6,425.5,78.2,5988.8,602.5,75.1,6371.7,431.3,27.5,5963.6,598.1,45.0,6387.3,423.2,35.0,5974.6,590.8,51.6,6373.6
643.9,-28.4,6189.3,672.2,-45.0,6111.1,613.4,-42.2,6267.5,628.2,-284.1,6180.2,739.2,418.3,6137.7,514.9,369.3,6247.0,626.6,-539.3,6178.8,883.9,781.8,6173.2,432.1,775.5,6236.9,724.5,864.5,6161.9,247.0,799.1,6197.8,756.8,875.6,6125.5,244.1,795.0,6233.5,930.9,839.3,6183.6,448.0,852.3,6234.5,524.1,-639.3,6139.1,565.9,-678.2,6122.9,545.1,-674.2,6178.2,642.7,-661.5,6124.9,617.7,-652.3,6221.8,675.7,-481.5,6057.1,641.0,-478.9,6313.7,669.0,-198.2,5999.0,639.6,-212.9,6372.1,482.6,-13.4,5961.8,606.4,-6.1,6386.7,445.0,54.5,5946.0,600.7,53.4,6411.4,405.5,80.7,5980.2,577.3,75.5,6366.4,411.4,29.8,5955.6,574.3,45.2,6382.6,403.4,36.9,5966.2,567.2,51.7,6368.9
616.0,-27.5,6196.7,644.8,-44.4,6118.0,584.0,-40.7,6275.5,598.7,-282.4,6187.9,714.9,421.9,6145.0,491.3,376.1,6254.6,600.0,-538.7,6187.1,879.9,780.4,6179.6,422.2,780.0,6246.2,724.2,866.6,6167.0,240.5,800.9,6204.5,757.4,876.8,6131.0,235.5,797.3,6240.2,930.1,834.9,6189.8,443.1,854.0,6244.1,498.7,-639.1,6147.3,543.3,-678.0,6131.2,521.7,-673.7,6186.7,617.4,-661.4,6133.4,592.7,-651.3,6230.3,650.5,-481.8,6064.7,611.8,-478.4,6322.3,645.5,-197.0,6005.4,610.4,-212.6,6380.9,467.2,-12.0,5967.4,573.7,-5.8,6397.7,430.5,56.6,5952.5,564.0,53.6,6422.5,390.3,82.6,5986.6,537.8,75.4,6377.0,396.8,31.7,5962.4,538.3,45.0,6394.0,387.4,38.8,5972.9,530.5,51.3,6380.0
586.9,-26.7,6205.2,617.5,-44.0,6126.2,553.1,-39.6,6284.3,571.9,-281.4,6196.7,680.4,423.2,6153.1,476.0,382.3,6263.6,574.4,-538.9,6196.0,870.7,772.5,6187.5,415.1,783.0,6256.7,723.5,868.2,6172.0,234.2,812.6,6213.9,757.9,877.2,6136.0,228.0,808.9,6249.6,924.4,822.1,6197.8,440.0,854.9,6254.4,470.2,-638.8,6155.7,515.3,-678.6,6139.8,488.3,-674.0,6195.4,593.9,-661.7,6142.3,562.2,-651.5,6239.4,626.6,-482.2,6073.4,578.7,-477.7,6331.6,626.0,-196.9,6013.7,574.5,-212.7,6390.4,453.9,-9.0,5975.8,540.5,-5.8,6408.3,420.4,58.4,5961.0,529.8,53.1,6433.2,379.9,84.1,5994.5,501.2,74.2,6386.8,385.7,33.7,5971.1,504.5,44.2,6404.5,375.7,39.7,5981.3,496.9,50.4,6390.3
554.5,-27.3,6208.3,586.9,-44.3,6128.7,518.7,-40.3,6287.8,536.7,-282.3,6199.9,641.6,421.5,6155.8,457.4,384.7,6266.9,537.5,-539.5,6199.3,855.6,756.9,6191.6,409.8,784.8,6260.4,722.1,869.1,6173.1,229.6,827.4,6217.2,757.8,877.1,6137.4,223.4,822.2,6252.8,911.9,797.5,6202.1,438.8,855.1,6257.7,437.8,-640.7,6158.9,484.0,-679.4,6142.8,455.8,-675.3,6198.6,563.2,-662.0,6145.2,527.2,-652.6,6242.6,597.5,-482.5,6076.3,535.0,-478.4,6335.4,602.7,-196.8,6015.8,541.4,-213.4,6394.5,439.9,-4.5,5978.1,505.4,-7.4,6412.7,410.0,62.5,5963.0,494.3,49.7,6437.8,369.7,88.6,5996.2,468.1,70.5,6391.5,373.1,38.3,5973.4,471.3,40.4,6409.5,362.0,43.5,5983.3,463.7,46.6,6395.5
522.6,-28.2,6220.8,555.7,-45.6,6140.7,484.3,-41.0,6300.4,505.4,-283.7,6212.5,592.6,421.4,6167.1,438.1,388.9,6279.6,505.4,-541.2,6212.2,832.0,741.9,6203.5,407.3,787.3,6272.9,720.9,871.5,6183.6,229.2,840.7,6229.7,757.9,878.5,6148.1,222.9,833.6,6265.5,891.6,773.0,6215.1,438.7,856.5,6269.5,414.0,-642.6,6170.6,461.9,-681.0,6154.8,427.7,-677.2,6210.7,534.4,-663.6,6158.0,494.7,-654.5,6255.2,567.1,-483.8,6088.8,499.4,-480.1,6348.6,586.5,-196.9,6027.6,513.8,-215.8,6408.1,432.1,0.9,5990.0,471.8,-11.4,6425.2,405.0,70.0,5974.0,460.1,42.5,6450.8,365.0,98.2,6007.4,434.5,64.9,6405.2,366.1,47.6,5985.3,436.1,33.6,6423.4,353.9,53.2,5995.2,427.9,40.6,6409.7
510.3,-27.4,6223.6,539.9,-43.9,6143.7,475.2,-40.9,6303.3,495.6,-282.6,6215.4,551.2,422.4,6168.1,419.9,393.7,6284.9,488.8,-539.8,6215.1,802.9,728.2,6204.7,405.3,787.8,6279.9,717.3,874.0,6184.9,230.8,851.3,6240.8,755.4,878.6,6149.1,228.0,844.6,6276.6,866.5,745.5,6218.3,442.3,856.4,6276.5,377.7,-643.0,6173.3,427.0,-680.9,6158.2,401.3,-677.1,6213.8,506.7,-664.0,6160.5,465.2,-654.6,6259.5,545.1,-483.8,6089.9,476.1,-479.2,6352.8,571.1,-197.6,6031.6,498.1,-216.7,6411.6,423.0,7.1,5993.9,442.8,-10.0,6428.6,397.9,81.4,5977.5,429.8,45.3,6454.1,361.8,115.8,6011.6,406.3,69.5,6408.4,357.3,62.5,5989.6,401.3,35.4,6427.6,346.1,72.5,5999.9,396.0,42.9,6413.9
479.8,-26.9,6226.4,508.6,-44.3,6146.4,444.6,-41.0,6306.2,465.4,-283.2,6218.5,488.7,422.0,6169.5,402.2,400.1,6288.2,455.3,-540.5,6217.3,766.2,707.3,6205.7,405.5,789.0,6283.0,700.0,873.4,6185.2,228.5,857.7,6245.1,740.7,877.1,6149.4,224.1,849.0,6281.0,835.1,722.9,6220.5,442.8,856.2,6279.8,354.6,-643.8,6175.4,400.4,-681.5,6160.1,373.6,-677.7,6215.8,477.3,-664.4,6162.8,440.0,-655.0,6261.3,516.7,-485.2,6092.9,456.7,-479.8,6354.8,546.9,-197.5,6035.1,457.4,-216.4,6415.0,409.7,12.5,5997.4,404.3,-12.7,6432.2,386.9,87.2,5981.4,391.3,40.4,6457.6,348.0,122.6,6015.6,368.2,68.1,6412.5,344.5,70.4,5993.4,366.7,32.8,6431.0,329.7,80.8,6003.8,361.3,41.7,6417.6
451.5,-26.8,6219.8,480.7,-45.4,6139.7,415.6,-41.8,6299.5,437.4,-283.7,6212.0,431.8,419.8,6161.2,385.6,404.7,6281.9,429.4,-541.6,6210.1,716.9,692.4,6195.8,402.6,788.0,6276.1,657.7,871.4,6176.8,227.3,860.7,6240.0,696.0,870.7,6141.3,222.4,851.1,6275.9,788.4,708.5,6211.0,440.3,854.6,6272.7,333.9,-643.8,6167.6,379.2,-681.2,6152.5,345.4,-677.5,6208.0,453.2,-663.7,6155.9,413.3,-654.4,6253.7,493.3,-486.2,6086.8,426.5,-479.7,6347.1,527.0,-196.9,6029.6,418.4,-215.8,6408.7,399.2,17.7,5992.6,367.4,-13.2,6424.6,376.9,92.6,5977.1,352.6,40.7,6450.0,336.1,128.8,6011.5,329.2,68.2,6405.6,334.5,77.3,5989.3,327.7,33.3,6423.9,317.6,88.2,6000.3,323.4,41.9,6410.4
426.0,-27.0,6212.5,456.2,-46.4,6132.4,390.3,-42.8,6292.2,412.9,-284.7,6204.7,395.2,417.6,6152.7,369.6,407.5,6275.7,405.0,-543.2,6202.0,667.3,687.6,6186.0,397.7,787.1,6269.0,597.7,868.9,6168.1,226.3,862.7,6235.2,633.7,865.2,6132.6,221.5,852.2,6271.3,738.3,704.2,6201.4,435.2,853.4,6265.9,304.2,-643.4,6159.6,348.1,-680.9,6144.3,318.9,-677.5,6199.8,424.2,-663.2,6148.2,389.1,-654.1,6245.2,471.4,-487.2,6079.6,401.9,-480.4,6338.7,509.5,-195.9,6023.4,384.3,-213.2,6401.4,386.8,22.2,5987.7,324.6,-12.5,6414.3,365.2,97.0,5972.7,307.8,41.8,6440.0,325.1,133.3,6006.9,289.9,75.6,6396.1,324.6,82.9,5985.1,285.1,36.0,6413.7,306.8,94.2,5996.3,285.2,47.9,6400.2
386.1,-27.3,6222.3,419.1,-48.1,6142.0,350.8,-43.1,6302.0,373.3,-287.0,6214.6,314.4,409.5,6160.9,347.6,404.9,6285.1,374.1,-545.1,6211.8,552.9,693.5,6194.8,388.9,787.1,6277.4,451.6,868.9,6175.9,226.2,868.7,6244.6,485.7,866.4,6140.3,221.7,857.3,6281.8,612.7,720.1,6209.4,430.6,851.8,6274.7,269.1,-645.0,6168.4,312.4,-682.4,6153.4,284.9,-678.4,6209.0,390.8,-665.0,6157.8,351.8,-655.0,6254.9,442.5,-490.0,6088.9,360.2,-481.5,6349.2,474.9,-196.3,6035.0,335.7,-210.0,6410.6,367.3,20.7,5998.8,250.6,-9.8,6420.4,350.2,94.9,5983.3,224.9,52.5,6446.2,307.4,132.8,6017.5,215.8,93.2,6402.1,308.9,80.1,5995.4,203.7,47.0,6419.5,288.7,92.4,6006.9,210.3,62.6,6405.9
373.1,-28.0,6221.3,407.2,-49.6,6141.1,338.4,-43.5,6300.9,359.9,-288.6,6213.7,293.4,401.6,6158.4,337.9,403.0,6283.6,363.5,-545.6,6210.9,521.5,695.5,6192.9,383.5,786.6,6274.9,411.7,867.4,6173.2,226.0,871.5,6243.2,445.6,866.0,6137.5,221.6,859.9,6281.3,578.1,725.8,6206.9,427.5,847.2,6272.6,256.4,-645.5,6166.6,299.7,-682.9,6152.0,273.0,-678.1,6207.5,379.3,-665.9,6156.7,339.0,-654.8,6254.0,432.1,-491.5,6087.6,345.6,-481.7,6348.7,462.4,-196.3,6036.0,321.8,-206.5,6408.7,358.4,19.9,5999.5,230.9,-6.0,6415.8,342.8,93.8,5983.5,203.2,62.1,6441.7,298.9,132.6,6017.7,195.3,105.2,6397.6,301.3,78.6,5995.3,182.0,56.0,6414.6,280.2,91.6,6007.0,189.4,72.9,6400.9
359.6,-29.2,6241.0,391.2,-51.0,6160.4,330.9,-43.8,6321.1,345.3,-290.5,6233.6,260.8,394.0,6176.4,341.0,403.3,6302.9,346.9,-547.3,6231.1,453.8,702.5,6208.9,388.9,787.1,6290.6,318.9,866.6,6188.3,228.3,874.3,6259.7,353.9,866.5,6151.2,225.9,864.7,6299.3,513.1,731.8,6222.2,432.7,847.0,6288.2,241.0,-649.5,6185.6,288.1,-686.8,6171.4,256.5,-680.8,6227.1,365.8,-669.0,6176.5,319.3,-656.9,6274.5,414.0,-494.2,6106.4,326.4,-482.9,6370.0,445.7,-196.5,6056.4,300.3,-203.1,6428.6,345.9,19.8,6018.4,194.6,-2.1,6433.0,332.8,93.4,6002.1,167.7,70.4,6458.1,289.0,132.7,6036.5,161.0,114.4,6413.0,292.2,78.6,6013.9,144.2,62.4,6430.3,271.5,92.0,6025.9,152.5,80.5,6416.2
333.3,-29.7,6224.4,365.7,-53.6,6144.1,302.5,-43.9,6304.0,321.3,-290.8,6217.1,230.0,387.9,6159.0,341.3,401.8,6284.8,320.2,-547.3,6214.5,395.5,719.8,6188.1,388.7,784.0,6270.8,239.2,865.1,6171.1,230.3,870.4,6243.0,270.0,865.3,6133.2,226.8,861.3,6282.8,444.2,778.7,6200.2,429.7,842.5,6268.6,216.0,-648.1,6168.5,262.2,-685.6,6154.4,229.3,-679.7,6209.8,338.9,-668.4,6159.9,296.0,-655.5,6257.2,390.1,-493.2,6090.6,304.3,-481.7,6352.7,428.3,-194.3,6040.9,269.2,-199.7,6410.5,330.3,20.4,6002.6,160.3,-1.4,6412.0,317.1,93.5,5986.9,131.6,72.1,6435.8,273.7,132.5,6020.4,126.8,113.7,6390.5,276.7,79.6,5998.3,111.2,62.9,6407.9,255.9,93.1,6010.2,121.9,80.0,6393.4
307.1,-30.3,6209.4,341.0,-56.1,6129.3,272.8,-44.1,6288.6,297.9,-291.3,6202.4,204.7,384.0,6142.7,336.5,399.4,6269.1,296.9,-547.5,6200.0,330.8,744.2,6167.4,384.2,781.0,6254.4,166.7,863.0,6151.9,220.4,867.2,6227.1,193.7,866.0,6111.8,222.8,858.2,6268.3,375.6,811.8,6176.8,425.3,840.4,6251.5,194.2,-648.0,6154.6,240.0,-686.1,6140.3,207.8,-679.7,6195.6,315.7,-668.2,6145.9,278.1,-654.8,6242.5,368.5,-492.7,6077.1,281.5,-480.5,6337.3,410.9,-193.4,6026.8,240.3,-198.4,6394.9,316.3,21.4,5987.8,131.4,-2.9,6393.6,302.8,93.5,5972.7,95.8,69.6,6416.4,261.0,132.4,6005.6,89.3,109.6,6371.3,261.6,80.8,5983.6,76.4,59.9,6388.6,240.9,94.6,5995.4,86.3,76.4,6374.0
287.3,-33.0,6200.5,323.1,-57.8,6120.7,252.9,-45.6,6279.4,278.1,-291.6,6193.4,179.5,382.7,6132.9,332.0,397.5,6260.6,277.0,-546.4,6191.2,253.1,765.3,6152.1,381.9,778.3,6246.2,75.3,861.0,6137.9,222.8,864.7,6219.6,98.1,865.2,6097.0,224.4,855.9,6261.6,290.0,838.1,6160.4,422.8,839.1,6243.5,170.8,-646.8,6145.0,216.9,-685.1,6131.1,184.3,-678.3,6186.2,294.4,-667.5,6137.1,253.7,-653.7,6233.4,351.7,-491.7,6068.5,258.2,-479.8,6328.1,389.4,-190.2,6019.0,216.3,-197.2,6385.9,299.2,24.5,5978.6,96.1,-3.6,6381.1,289.3,96.8,5963.4,57.5,68.0,6402.4,249.4,137.5,5995.8,50.3,106.8,6357.1,246.9,85.3,5973.2,33.5,57.8,6374.0,226.7,99.8,5985.1,43.4,74.0,6359.5
263.2,-36.6,6192.4,302.8,-60.9,6112.9,226.8,-47.8,6270.9,253.5,-292.3,6185.4,153.8,383.3,6122.5,322.0,396.1,6251.6,253.9,-545.7,6183.9,174.1,777.6,6137.6,381.3,777.6,6236.8,1.2,857.2,6124.7,222.6,864.0,6210.3,11.4,862.8,6084.1,227.5,855.7,6252.9,199.6,851.6,6145.7,422.5,838.8,6235.0,149.2,-645.6,6137.7,195.6,-683.9,6123.9,161.4,-677.4,6178.9,276.4,-666.4,6129.9,233.7,-652.9,6225.7,333.4,-490.8,6062.0,230.4,-478.8,6320.1,371.4,-187.7,6012.3,184.3,-194.9,6377.7,283.4,25.7,5970.5,62.4,-3.9,6369.4,272.0,99.5,5955.0,23.6,66.8,6388.8,229.3,139.9,5987.2,17.2,105.3,6343.6,228.1,87.6,5964.6,0.9,57.2,6360.0,207.3,101.9,5976.7,11.3,73.0,6345.5
249.0,-34.4,6166.7,281.7,-59.2,6087.6,224.9,-46.5,6245.0,247.8,-289.9,6159.2,128.6,384.1,6094.8,303.5,395.2,6224.4,241.2,-543.0,6158.0,107.2,782.8,6102.8,380.0,774.8,6210.1,-65.0,849.9,6094.8,220.7,863.0,6183.8,-58.9,858.2,6054.1,228.0,856.8,6226.8,130.0,856.6,6112.3,422.3,836.0,6209.3,125.3,-642.6,6110.8,172.0,-680.6,6098.0,137.8,-674.2,6152.3,251.6,-663.6,6104.0,198.2,-650.0,6200.4,316.2,-488.0,6034.7,214.0,-474.7,6294.4,348.2,-184.5,5987.5,179.6,-192.9,6352.5,262.4,29.2,5943.6,36.6,-4.6,6342.8,252.9,105.1,5927.6,-10.0,65.9,6360.0,209.7,148.0,5959.0,-15.0,104.5,6314.7,211.1,95.2,5936.5,-29.8,53.9,6331.1,189.5,110.3,5948.5,-22.2,71.0,6316.6
219.0,-33.9,6147.0,255.2,-58.5,6068.3,189.5,-46.1,6224.8,217.1,-288.9,6139.8,110.0,383.5,6073.6,293.2,394.0,6202.7,212.9,-541.0,6138.1,51.2,786.9,6080.2,376.4,772.2,6187.5,-130.7,838.3,6072.2,218.2,861.6,6162.3,-114.0,851.3,6031.7,226.4,856.1,6205.2,68.2,859.6,6089.6,419.8,833.1,6186.3,109.3,-640.3,6090.9,156.4,-677.4,6078.1,123.0,-671.5,6132.3,229.1,-660.8,6084.2,186.3,-647.6,6180.1,287.5,-485.7,6015.9,194.7,-473.3,6273.8,322.7,-179.2,5968.2,149.9,-191.0,6332.3,240.2,34.3,5923.2,13.6,-6.1,6321.2,234.9,110.2,5907.4,-30.3,65.1,6336.8,196.1,152.8,5938.5,-37.8,103.0,6291.3,192.8,100.8,5915.9,-50.8,51.4,6307.7,172.2,115.8,5928.1,-41.4,68.7,6293.3
193.4,-31.6,6127.4,230.0,-57.8,6049.1,162.3,-45.7,6205.0,188.4,-287.5,6120.7,89.0,385.3,6052.3,280.4,393.7,6181.3,182.2,-538.5,6118.8,1.3,786.8,6060.5,373.2,769.9,6167.1,-172.4,825.3,6053.5,214.7,860.4,6142.4,-159.2,841.6,6013.1,225.2,855.2,6184.8,18.3,858.8,6070.1,417.6,830.4,6164.8,85.1,-637.3,6071.6,130.4,-673.6,6058.9,93.0,-667.8,6112.9,203.8,-656.8,6065.4,157.4,-644.1,6160.2,258.0,-483.8,5997.3,172.7,-470.5,6253.8,296.9,-176.9,5949.7,121.4,-187.0,6312.9,216.5,37.3,5903.3,-10.6,-5.9,6300.4,209.7,113.2,5888.0,-51.3,65.0,6314.3,171.4,154.4,5918.8,-61.2,101.9,6268.6,167.7,103.1,5896.2,-72.0,51.2,6285.7,148.5,117.6,5908.6,-62.8,67.7,6271.1
167.8,-28.3,6110.4,204.5,-55.8,6032.4,133.5,-44.5,6188.1,161.5,-285.3,6103.7,69.6,389.0,6033.4,266.0,393.9,6163.6,153.0,-535.7,6101.5,-26.4,789.7,6041.5,369.8,767.8,6149.4,-206.9,815.4,6034.8,212.3,860.3,6125.6,-191.2,832.6,5994.8,223.7,855.3,6167.7,-14.7,862.0,6051.1,415.7,828.2,6146.8,63.4,-634.4,6053.9,111.5,-669.3,6041.3,67.0,-664.1,6095.0,180.3,-652.1,6048.6,127.2,-640.2,6142.4,233.3,-481.5,5980.9,142.7,-466.8,6236.2,271.6,-172.8,5933.4,93.9,-183.2,6295.9,192.1,42.8,5886.2,-30.1,-5.6,6282.1,186.6,119.0,5871.8,-70.4,64.9,6293.7,148.0,159.8,5902.6,-80.1,101.9,6247.9,143.5,110.2,5879.9,-90.4,51.6,6265.6,125.8,124.3,5892.6,-80.7,68.0,6250.7
144.9,-21.6,6088.3,176.3,-51.8,6010.4,112.0,-42.8,6165.9,140.5,-281.3,6081.0,46.4,394.1,6011.3,246.7,393.1,6140.3,132.3,-532.2,6077.7,-37.6,790.5,6020.2,364.2,764.8,6126.4,-218.5,812.7,6014.2,210.4,858.8,6103.8,-202.0,830.4,5974.8,221.9,854.0,6145.4,-25.4,861.9,6029.2,412.3,824.8,6123.0,40.7,-629.0,6030.6,83.9,-662.8,6017.6,51.0,-659.4,6071.3,153.6,-645.9,6024.9,112.4,-636.9,6118.0,205.7,-476.8,5958.2,127.9,-464.7,6211.9,247.6,-169.4,5910.9,74.6,-180.5,6273.4,165.0,46.0,5864.2,-39.4,-5.5,6259.3,157.3,120.9,5850.6,-80.0,64.9,6269.6,119.5,160.7,5881.8,-91.1,101.9,6223.4,117.1,112.4,5859.0,-96.7,51.8,6241.5,98.8,126.2,5872.0,-88.1,68.1,6226.2
122.4,-16.7,6077.5,151.4,-48.3,5999.6,88.6,-40.8,6155.3,117.8,-278.4,6070.1,29.8,400.6,5999.9,226.2,393.9,6128.5,110.2,-530.2,6065.6,-47.1,790.2,6009.6,358.8,762.8,6115.5,-228.6,815.3,6002.6,208.8,858.3,6093.9,-207.5,831.6,5963.9,220.0,854.0,6134.9,-30.8,859.6,6018.1,408.8,822.1,6111.9,19.9,-625.7,6019.2,62.1,-659.1,6005.8,33.2,-657.0,6059.7,130.2,-642.7,6012.9,95.8,-635.4,6105.8,179.7,-473.7,5946.7,106.6,-463.2,6199.6,220.3,-163.9,5899.4,54.6,-177.7,6262.8,135.0,52.6,5853.4,-57.9,-4.5,6247.8,130.4,127.8,5839.8,-97.6,67.3,6257.5,91.7,168.9,5871.2,-108.5,106.4,6211.5,86.8,119.8,5848.3,-114.8,53.8,6229.3,68.2,133.5,5861.3,-105.3,71.4,6213.8
101.2,-13.7,6074.6,128.1,-46.7,5996.4,67.0,-38.8,6152.6,94.3,-276.6,6067.4,14.0,403.1,5996.7,200.6,394.0,6124.9,90.0,-528.7,6062.0,-55.2,790.3,6006.6,351.6,758.9,6111.5,-236.3,816.5,5999.4,207.5,858.2,6089.8,-212.4,835.0,5960.9,218.1,854.3,6130.3,-34.9,857.4,6014.7,404.4,815.6,6107.1,-5.2,-622.2,6016.5,35.1,-656.1,6002.6,11.8,-654.9,6056.6,105.7,-639.9,6009.2,75.2,-634.1,6102.0,154.7,-472.2,5943.3,91.5,-462.6,6195.8,195.2,-162.7,5895.8,33.7,-175.3,6260.6,108.5,54.8,5850.4,-75.1,-0.9,6244.6,103.0,130.0,5836.7,-111.4,71.8,6254.9,64.2,172.3,5868.5,-121.7,112.9,6209.1,58.8,122.3,5845.5,-129.4,59.4,6226.5,40.9,135.8,5858.6,-119.9,78.1,6211.0
75.3,-11.9,6075.7,101.6,-45.0,5997.2,41.7,-38.0,6153.9,67.3,-275.9,6068.4,-1.6,403.3,5998.0,172.9,394.0,6126.2,63.6,-528.6,6061.9,-60.5,791.0,6009.1,339.0,749.7,6113.1,-241.8,825.4,6003.0,206.3,859.0,6090.9,-217.0,843.6,5964.3,216.3,855.0,6130.8,-37.0,856.9,6016.6,396.0,799.7,6108.1,-29.3,-622.0,6016.5,12.0,-655.8,6002.5,-14.5,-654.8,6056.6,80.9,-639.5,6009.2,48.0,-634.1,6101.9,128.0,-471.1,5943.6,62.8,-463.0,6195.6,165.9,-160.9,5896.4,7.0,-172.3,6262.0,79.0,58.0,5852.1,-90.7,6.5,6245.4,72.2,132.5,5838.7,-121.7,78.6,6256.0,32.2,175.0,5870.6,-130.9,119.1,6210.6,29.1,125.7,5847.6,-139.4,68.1,6227.4,11.1,139.3,5860.8,-130.8,86.3,6212.1
51.6,-10.0,6072.9,76.0,-44.6,5994.1,18.4,-36.9,6151.3,44.4,-275.6,6065.3,-17.1,404.5,5997.6,125.5,393.8,6124.0,40.5,-528.7,6057.9,-64.3,791.6,6009.5,323.3,736.6,6109.6,-244.4,835.8,6004.6,204.6,858.9,6086.6,-220.0,853.3,5965.8,214.4,854.4,6125.9,-38.5,856.2,6016.0,383.0,781.4,6103.5,-58.1,-622.0,6013.5,-16.4,-655.5,5998.9,-40.1,-654.9,6053.1,53.0,-639.5,6005.1,24.1,-634.1,6097.6,102.0,-470.4,5939.9,43.8,-463.1,6191.3,134.1,-160.5,5892.8,-14.2,-171.9,6259.3,47.3,59.4,5850.2,-100.9,12.6,6242.6,41.7,133.4,5837.1,-127.0,84.3,6253.6,3.1,175.0,5868.6,-136.1,124.0,6208.4,0.7,126.5,5846.0,-144.0,75.3,6224.8,-15.2,140.0,5859.0,-136.0,92.4,6209.6
24.9,-10.5,6088.5,46.4,-45.1,6009.1,-7.6,-36.5,6167.4,18.1,-277.0,6081.0,-32.6,407.1,6015.9,83.6,395.4,6140.4,16.6,-530.4,6072.9,-66.2,794.3,6029.0,300.8,723.5,6124.6,-247.4,846.7,6024.9,203.0,861.4,6100.6,-223.0,863.5,5986.0,212.4,855.9,6139.4,-39.3,858.5,6034.8,360.2,761.4,6118.6,-82.6,-624.6,6029.2,-41.2,-658.4,6014.0,-64.4,-657.1,6068.3,28.7,-641.9,6020.0,-0.0,-636.0,6112.5,73.8,-471.7,5954.7,21.7,-465.4,6206.7,105.7,-162.3,5907.4,-31.1,-174.0,6275.6,17.9,57.2,5865.5,-103.0,15.7,6259.9,11.4,132.2,5852.5,-125.8,85.7,6271.7,-27.7,173.9,5883.9,-137.3,125.4,6226.7,-30.3,124.8,5861.5,-143.8,77.9,6243.1,-47.1,138.6,5874.2,-138.6,93.9,6227.8
1.8,-12.2,6100.1,26.5,-45.3,6020.3,-31.8,-36.7,6179.5,-7.7,-278.0,6092.6,-47.9,409.6,6029.3,35.7,397.1,6152.6,-5.4,-532.0,6084.8,-70.0,796.9,6043.7,275.3,710.9,6136.0,-250.1,855.3,6039.5,200.6,863.5,6111.6,-225.2,871.1,6000.4,208.5,857.2,6149.9,-41.0,860.4,6049.2,336.2,738.0,6130.3,-110.0,-626.3,6042.8,-69.9,-660.2,6026.8,-90.3,-659.3,6081.3,3.2,-643.6,6031.8,-22.2,-638.5,6124.5,49.4,-472.9,5965.8,-2.1,-468.3,6218.7,77.6,-163.5,5917.8,-45.8,-175.2,6287.8,-15.7,55.8,5877.2,-105.9,13.8,6272.9,-25.8,130.7,5863.6,-126.2,82.6,6286.8,-63.9,172.2,5895.0,-140.6,122.1,6242.6,-68.2,123.0,5872.9,-145.5,74.8,6258.4,-84.1,136.7,5885.3,-143.5,90.4,6243.4
-17.4,-13.0,6117.0,8.6,-43.6,6037.0,-50.1,-37.6,6196.6,-27.2,-278.9,6109.1,-68.1,413.8,6049.2,-18.4,398.6,6172.0,-27.3,-533.6,6101.4,-75.2,799.7,6063.5,238.9,694.8,6156.0,-248.9,871.0,6059.4,188.5,866.2,6132.3,-227.0,881.9,6020.3,196.0,859.6,6170.2,-41.5,862.9,6070.4,312.0,710.4,6150.8,-140.5,-629.9,6062.0,-99.8,-664.1,6045.3,-115.1,-663.5,6100.1,-22.4,-648.7,6048.4,-46.7,-642.5,6142.6,28.4,-473.6,5980.3,-36.8,-470.4,6236.7,53.5,-165.2,5933.5,-65.5,-185.3,6306.0,-55.5,55.3,5892.6,-123.7,11.7,6294.7,-70.9,130.4,5878.0,-140.0,82.4,6310.7,-108.8,171.9,5909.1,-157.4,121.1,6266.2,-114.6,122.0,5887.5,-162.7,73.0,6282.0,-128.9,135.1,5899.7,-163.3,89.8,6267.3
-35.9,-14.3,6104.7,-15.4,-44.3,6024.5,-63.0,-38.6,6184.5,-48.3,-279.4,6096.7,-79.1,414.0,6040.2,-57.8,399.4,6162.8,-55.5,-535.3,6088.6,-73.3,799.0,6056.0,199.0,684.3,6145.0,-248.1,872.2,6052.9,160.8,864.3,6120.9,-228.5,882.8,6013.5,167.3,856.5,6158.4,-41.1,861.4,6061.7,272.9,697.3,6139.5,-165.9,-631.0,6050.0,-125.0,-665.9,6032.6,-146.7,-665.8,6087.4,-51.5,-649.1,6035.6,-78.2,-644.0,6129.5,3.5,-473.0,5967.9,-52.4,-474.2,6223.6,22.9,-165.2,5920.4,-74.1,-189.9,6293.2,-96.9,53.6,5881.3,-126.7,11.2,6284.6,-113.7,128.6,5865.9,-140.0,78.4,6301.8,-151.4,167.2,5897.1,-159.1,114.0,6257.9,-155.4,117.2,5876.2,-162.0,71.4,6274.5,-168.2,129.0,5888.1,-165.1,85.0,6260.1
-56.6,-16.0,6091.4,-34.9,-44.6,6011.3,-81.9,-39.6,6171.2,-69.9,-279.8,6082.9,-91.9,412.5,6029.9,-122.3,398.5,6151.8,-78.6,-537.1,6074.1,-74.3,797.9,6047.3,150.0,673.7,6133.9,-247.3,871.7,6046.5,108.9,859.1,6109.5,-228.8,882.5,6006.7,114.8,850.9,6146.8,-40.7,859.8,6051.7,223.5,687.2,6128.4,-187.8,-631.7,6035.9,-146.7,-668.3,6018.3,-170.5,-667.6,6073.1,-72.8,-651.7,6021.1,-99.5,-646.5,6114.8,-20.0,-472.1,5953.9,-72.9,-477.8,6208.8,-6.8,-166.3,5906.9,-93.1,-193.1,6278.6,-134.1,52.1,5869.1,-139.0,11.1,6272.7,-152.2,126.8,5853.3,-148.1,75.0,6291.2,-191.0,163.5,5884.5,-167.7,108.2,6247.5,-196.1,113.9,5863.9,-170.2,69.5,6264.6,-206.8,124.8,5875.6,-175.3,81.2,6250.5
-79.9,-18.3,6058.5,-57.6,-44.6,5978.6,-104.6,-40.5,6138.2,-91.5,-280.2,6050.2,-107.4,409.5,5998.5,-181.0,395.9,6119.6,-98.8,-538.6,6041.4,-78.7,793.4,6017.9,95.6,670.6,6101.0,-244.9,868.4,6016.0,35.5,851.5,6077.0,-226.5,878.6,5976.0,39.4,844.1,6114.2,-43.5,855.4,6021.0,166.6,685.4,6095.9,-212.6,-632.4,6005.4,-170.8,-670.6,5987.0,-189.4,-669.7,6041.6,-96.2,-654.9,5988.9,-119.7,-649.7,6082.1,-45.9,-470.4,5921.6,-87.3,-480.4,6175.2,-35.5,-170.4,5874.3,-111.3,-196.7,6244.6,-167.7,48.1,5837.6,-152.6,10.8,6241.4,-189.5,121.8,5822.4,-161.8,71.9,6260.4,-227.8,155.4,5853.9,-182.3,103.2,6216.6,-229.7,106.0,5833.7,-182.8,66.8,6234.2,-239.3,115.5,5845.3,-188.2,76.9,6220.1
-101.9,-23.2,6074.8,-77.7,-46.3,5994.5,-125.6,-42.7,6155.0,-115.8,-283.9,6066.9,-115.2,408.6,6015.5,-228.0,394.9,6137.2,-120.5,-543.0,6058.6,-76.9,794.5,6035.7,28.3,678.3,6119.2,-243.9,873.5,6033.0,-73.5,849.3,6094.1,-223.0,882.6,5992.1,-67.1,842.1,6131.8,-40.2,855.6,6038.2,96.7,697.7,6112.1,-231.1,-636.6,6024.2,-191.5,-676.1,6005.5,-206.8,-674.3,6060.1,-115.9,-662.2,6006.2,-137.6,-655.6,6099.9,-69.2,-474.4,5938.1,-116.1,-484.6,6192.7,-67.0,-176.9,5890.2,-131.4,-200.3,6260.7,-197.8,38.7,5855.7,-169.9,10.5,6258.8,-224.2,112.0,5839.6,-179.5,70.8,6279.0,-262.6,142.5,5871.6,-202.0,100.8,6235.5,-260.4,92.0,5851.4,-202.6,64.8,6253.2,-268.4,100.5,5862.9,-207.6,74.1,6239.4
-123.4,-26.1,6076.7,-97.5,-48.2,5996.2,-149.2,-43.5,6157.1,-140.0,-285.5,6069.0,-123.1,407.0,6018.5,-260.3,393.4,6140.4,-142.9,-545.0,6061.1,-78.1,792.9,6038.8,-25.4,682.9,6123.2,-244.2,874.6,6035.6,-142.5,848.0,6098.4,-222.3,884.4,5994.5,-132.9,840.6,6135.9,-39.9,853.4,6040.7,27.1,700.8,6116.0,-254.6,-638.1,6028.9,-213.9,-677.6,6009.1,-227.6,-675.8,6063.9,-140.2,-664.5,6008.5,-159.9,-657.4,6102.5,-92.8,-476.5,5940.0,-137.5,-487.2,6195.4,-101.4,-178.3,5891.6,-158.7,-201.4,6262.0,-243.4,29.5,5858.6,-198.1,10.1,6261.8,-272.8,100.8,5842.9,-208.0,69.2,6282.5,-308.1,129.5,5876.2,-229.5,98.0,6239.3,-304.8,79.2,5855.6,-230.8,62.9,6257.2,-311.1,87.0,5867.1,-236.0,71.7,6243.5
-145.8,-28.9,6110.7,-119.5,-51.3,6029.7,-173.4,-44.8,6191.6,-161.5,-288.9,6103.3,-135.6,407.0,6052.5,-286.4,388.5,6174.6,-165.3,-549.6,6096.1,-80.3,795.9,6073.7,-112.3,700.3,6158.7,-244.3,878.8,6070.6,-226.5,854.6,6132.5,-222.6,890.0,6028.9,-231.5,846.7,6170.4,-43.3,856.4,6076.8,-69.9,737.5,6152.1,-277.3,-642.0,6065.4,-237.0,-681.6,6044.3,-250.5,-679.6,6099.7,-163.9,-669.7,6042.8,-182.1,-662.3,6137.7,-115.3,-481.5,5973.7,-159.1,-491.8,6231.2,-129.2,-183.9,5924.7,-179.9,-204.7,6296.3,-281.0,19.3,5892.7,-227.1,7.8,6298.2,-311.9,90.2,5876.8,-238.6,65.3,6318.8,-347.5,121.0,5911.3,-261.2,93.7,6275.2,-345.4,68.8,5889.9,-265.3,58.6,6293.2,-351.6,77.6,5901.5,-269.8,67.4,6279.5
-170.7,-29.9,6116.2,-141.2,-53.2,6035.0,-201.5,-45.0,6197.2,-182.8,-289.4,6109.1,-145.8,407.1,6059.4,-316.9,384.0,6180.4,-189.5,-549.7,6102.2,-83.0,796.2,6081.1,-184.6,724.1,6166.8,-248.8,879.0,6076.5,-316.9,855.9,6138.0,-223.7,891.0,6034.6,-324.0,848.1,6176.4,-46.8,857.6,6085.1,-146.0,775.9,6162.0,-294.6,-643.1,6072.5,-254.1,-682.4,6050.7,-271.1,-679.9,6106.5,-180.1,-669.9,6048.8,-202.1,-661.9,6144.0,-134.2,-483.5,5979.4,-188.6,-491.1,6237.5,-157.0,-188.0,5930.0,-202.7,-206.6,6301.5,-321.2,11.2,5897.0,-250.4,7.3,6306.4,-352.1,81.6,5881.9,-262.7,65.5,6327.7,-388.9,112.2,5917.5,-285.2,93.3,6283.5,-385.7,59.5,5894.9,-289.2,58.8,6301.8,-391.9,68.5,5906.6,-293.3,67.3,6288.0
-187.8,-30.6,6094.2,-158.5,-54.0,6013.2,-217.5,-45.1,6175.0,-199.1,-288.7,6087.3,-156.3,406.1,6038.3,-340.8,375.8,6157.2,-209.6,-547.6,6080.6,-85.4,793.2,6061.6,-256.8,741.1,6146.1,-250.9,876.1,6054.2,-393.2,852.9,6113.9,-222.8,888.3,6012.9,-407.2,845.2,6152.5,-49.3,855.2,6066.3,-222.2,800.4,6144.1,-316.8,-640.5,6052.7,-277.7,-679.7,6030.3,-291.4,-677.2,6085.9,-200.6,-667.4,6027.6,-223.2,-659.4,6122.2,-156.0,-482.7,5957.6,-204.2,-489.1,6215.3,-180.0,-188.4,5908.1,-213.9,-205.3,6278.8,-357.9,6.0,5875.2,-268.9,6.2,6286.8,-390.9,75.6,5860.9,-278.7,65.2,6309.0,-426.5,106.5,5897.7,-297.5,92.7,6264.8,-423.3,53.5,5874.4,-303.5,58.5,6283.3,-430.1,63.0,5886.3,-307.8,67.0,6269.7
-208.5,-32.1,6100.8,-180.7,-55.2,6019.7,-237.9,-45.7,6181.7,-219.0,-289.1,6094.2,-169.6,406.8,6044.8,-361.9,372.0,6164.0,-227.0,-547.6,6088.4,-87.7,794.2,6068.7,-324.4,757.6,6154.4,-250.8,877.1,6059.0,-473.7,853.5,6121.1,-222.9,889.8,6018.6,-487.7,845.9,6158.9,-51.2,856.7,6073.8,-295.9,820.9,6154.8,-334.1,-640.9,6060.7,-294.5,-679.9,6038.3,-312.5,-677.4,6093.9,-218.6,-667.0,6035.3,-243.6,-659.1,6130.1,-175.6,-483.9,5964.4,-219.2,-488.7,6223.4,-205.9,-191.3,5914.2,-234.9,-205.9,6285.6,-390.9,0.0,5880.9,-291.9,3.9,6296.4,-421.7,69.9,5866.9,-299.6,63.5,6320.4,-457.4,100.5,5905.1,-315.4,91.5,6277.1,-453.7,47.9,5880.9,-324.4,57.2,6295.2,-460.4,57.7,5892.9,-329.2,65.7,6281.8
-225.6,-32.6,6072.6,-202.7,-54.5,5991.7,-249.0,-46.1,6153.5,-235.9,-288.1,6065.8,-179.3,405.2,6018.4,-381.5,368.0,6136.6,-242.2,-544.7,6060.6,-89.6,790.8,6042.7,-391.7,770.4,6126.4,-249.8,873.6,6035.3,-554.4,845.0,6094.7,-222.5,886.5,5995.7,-563.3,838.3,6131.5,-51.0,853.3,6047.5,-368.4,840.9,6125.7,-357.0,-638.2,6035.3,-316.1,-676.5,6012.1,-329.3,-674.3,6067.7,-242.1,-663.4,6007.6,-261.9,-655.8,6102.8,-195.9,-481.7,5935.8,-227.5,-486.4,6195.6,-227.0,-191.8,5885.7,-242.7,-207.0,6256.8,-417.7,-2.2,5851.5,-301.5,1.9,6271.7,-447.5,67.4,5838.1,-306.6,61.4,6297.4,-484.1,98.9,5878.1,-320.8,89.5,6255.0,-482.2,45.2,5852.9,-329.6,55.7,6272.8,-489.4,55.6,5865.2,-335.3,64.4,6259.8
-240.8,-22.7,6083.6,-221.3,-29.9,6002.5,-260.5,-33.8,6164.9,-252.6,-278.5,6077.6,-186.0,407.5,6031.5,-402.8,370.8,6151.1,-260.8,-532.7,6073.7,-90.4,792.6,6058.6,-463.3,777.7,6138.8,-253.8,877.3,6058.0,-634.4,834.9,6113.0,-226.8,890.5,6017.2,-628.5,830.1,6149.7,-49.4,854.7,6064.3,-438.1,854.7,6137.8,-380.1,-639.8,6048.9,-329.5,-677.8,6026.8,-346.2,-674.5,6082.9,-263.0,-663.6,6020.7,-283.9,-648.5,6118.5,-218.1,-479.3,5945.8,-269.4,-475.3,6210.8,-264.8,-191.1,5896.8,-247.5,-205.9,6269.2,-445.3,-0.6,5861.5,-295.1,13.5,6287.9,-481.7,69.1,5850.1,-304.3,87.1,6314.6,-515.3,101.4,5891.8,-326.9,120.5,6273.4,-513.3,47.6,5865.9,-330.1,82.7,6291.1,-520.4,59.0,5878.6,-338.8,93.4,6278.4
-271.0,-22.8,6049.3,-248.0,-33.3,5968.4,-289.3,-34.5,6130.3,-278.1,-277.7,6043.9,-196.0,408.0,5997.9,-412.7,370.7,6116.8,-288.2,-530.2,6040.3,-91.5,788.6,6025.3,-506.0,780.1,6103.2,-253.9,873.4,6028.3,-683.9,815.8,6079.3,-226.5,886.4,5988.0,-682.6,814.1,6115.6,-49.7,850.4,6031.7,-487.2,860.6,6099.6,-402.2,-635.9,6016.4,-355.5,-672.6,5994.1,-372.1,-668.8,6050.0,-285.8,-658.6,5987.5,-308.7,-643.6,6085.0,-243.4,-476.7,5912.5,-283.3,-473.1,6176.6,-284.8,-188.9,5863.3,-278.8,-204.0,6234.2,-464.2,0.1,5828.5,-328.8,14.3,6256.7,-498.9,69.3,5817.1,-333.7,85.7,6283.0,-535.2,101.8,5859.2,-352.2,116.9,6241.6,-534.0,47.6,5833.6,-357.9,80.8,6260.2,-542.7,58.8,5846.2,-365.8,90.6,6247.3
-298.2,-22.5,6040.3,-273.0,-34.5,5959.5,-317.5,-34.9,6121.3,-307.0,-277.3,6035.5,-212.0,409.5,5988.9,-432.2,370.6,6106.9,-317.6,-528.5,6032.3,-94.2,787.5,6016.3,-533.8,784.5,6093.1,-255.3,872.8,6021.9,-716.7,806.3,6068.7,-227.3,885.6,5981.7,-716.1,805.3,6105.1,-51.3,849.1,6023.6,-519.6,866.3,6087.1,-427.2,-633.2,6007.9,-383.8,-668.7,5985.8,-403.7,-664.9,6041.6,-311.5,-654.2,5979.5,-337.5,-640.6,6077.0,-271.1,-475.8,5904.3,-306.8,-471.5,6168.3,-303.9,-187.9,5854.8,-313.4,-201.3,6225.2,-485.1,1.1,5821.8,-369.4,14.1,6249.8,-518.4,69.8,5810.8,-375.5,84.0,6275.9,-553.4,101.9,5853.5,-391.8,114.9,6233.7,-552.0,48.0,5827.6,-397.5,78.8,6253.0,-559.5,58.8,5840.1,-404.1,88.6,6239.8
-325.4,-19.1,6034.9,-301.2,-34.5,5954.0,-347.5,-33.8,6116.1,-337.4,-275.0,6030.1,-232.1,415.1,5983.5,-454.6,376.5,6102.0,-346.4,-526.6,6026.5,-97.7,786.6,6010.4,-545.6,787.3,6088.4,-257.3,872.7,6017.8,-727.8,809.6,6063.0,-228.6,885.2,5978.2,-730.4,806.7,6099.4,-53.2,847.7,6018.8,-532.2,866.2,6081.3,-453.4,-630.0,6002.9,-410.9,-664.7,5980.4,-428.1,-661.3,6036.3,-339.1,-650.1,5973.5,-364.5,-637.7,6070.9,-298.8,-473.8,5898.5,-331.8,-469.6,6162.4,-320.7,-187.6,5849.0,-344.1,-198.7,6220.2,-503.7,1.9,5816.1,-400.6,14.2,6246.8,-535.1,70.6,5805.2,-406.3,83.3,6272.6,-571.1,103.0,5848.4,-421.0,114.4,6229.8,-568.7,49.0,5821.9,-428.0,78.1,6250.0,-575.3,59.8,5834.5,-434.6,87.9,6236.5
-354.2,-16.4,6037.3,-326.3,-34.5,5956.1,-381.2,-33.0,6119.0,-365.9,-272.9,6032.4,-255.7,422.2,5986.2,-480.6,388.1,6104.6,-376.6,-525.0,6028.5,-102.1,786.3,6013.0,-556.8,791.4,6091.1,-259.3,873.9,6022.1,-735.8,814.6,6064.0,-229.8,886.1,5983.3,-741.8,811.4,6100.0,-55.1,846.0,6022.6,-538.7,866.3,6083.7,-479.1,-627.1,6004.6,-436.2,-662.0,5981.8,-457.3,-658.5,6037.9,-363.5,-647.3,5975.1,-392.1,-635.9,6072.7,-325.6,-472.5,5900.4,-366.0,-467.8,6164.7,-341.6,-186.9,5850.1,-378.4,-196.1,6223.1,-519.0,2.7,5816.9,-430.2,15.9,6251.7,-551.9,71.7,5806.5,-436.5,83.7,6277.0,-589.1,103.9,5850.2,-451.3,114.5,6233.6,-583.6,50.2,5823.3,-459.7,78.4,6254.6,-590.4,60.8,5836.0,-466.2,88.0,6240.7
-381.3,-13.1,6027.7,-353.1,-34.5,5946.3,-409.3,-31.1,6109.6,-392.5,-270.5,6023.1,-294.4,421.6,5975.3,-496.8,396.3,6094.9,-405.4,-523.6,6019.5,-108.9,780.7,6000.9,-564.1,793.0,6081.3,-259.9,873.4,6010.7,-741.4,820.2,6051.6,-229.9,884.7,5971.9,-751.7,815.9,6087.3,-58.1,837.2,6010.6,-541.2,864.6,6073.5,-505.4,-624.9,5995.4,-462.4,-660.0,5972.5,-484.8,-656.4,6028.8,-388.8,-644.8,5965.9,-422.7,-633.7,6063.6,-350.5,-471.2,5891.4,-393.6,-465.7,6155.6,-358.3,-186.6,5840.3,-412.2,-195.1,6213.7,-525.9,3.2,5805.6,-469.1,15.4,6243.4,-560.5,71.7,5795.9,-481.1,83.3,6268.4,-600.6,103.9,5838.9,-498.7,111.8,6224.5,-592.5,50.4,5811.9,-503.2,77.5,6245.9,-600.1,61.0,5824.5,-507.9,86.2,6231.9
-409.0,-11.8,6029.6,-379.2,-34.3,5948.0,-439.9,-30.2,6111.8,-421.3,-269.5,6025.1,-336.3,422.4,5976.0,-517.6,403.6,6096.8,-432.9,-523.3,6021.8,-122.6,770.1,6001.8,-568.4,794.4,6084.4,-260.5,874.9,6009.5,-745.0,834.4,6052.8,-229.1,884.7,5970.8,-758.1,827.2,6088.3,-68.5,818.4,6012.4,-541.0,863.8,6076.4,-530.2,-624.4,5997.4,-487.7,-659.6,5974.6,-512.3,-655.8,6031.0,-414.7,-644.3,5968.1,-447.3,-633.4,6066.1,-375.3,-470.7,5893.3,-421.5,-465.5,6157.9,-382.0,-185.4,5841.6,-444.5,-194.4,6216.4,-541.4,6.9,5806.4,-502.9,15.9,6246.4,-573.4,74.5,5797.0,-512.4,83.3,6271.0,-614.3,106.2,5839.4,-528.2,111.0,6226.9,-606.7,53.3,5812.6,-533.6,77.3,6248.9,-615.1,62.6,5824.9,-537.7,85.6,6234.8
